,rank,name,birth,team,year,gp,cg,sho,gs,win,loss,save,hold,inning,runs,earned_run,batter_faced,hits,base2,base3,home_run,walk,intentional_walk,hb,so,balk,wild,ERA,FIP,WHIP,ERAplus,FIPplus,WAR,WPA,relief_WAR
0,1.0,선동열,1963-01-10,Haitai Tigers,1986,39.0,19.0,8.0,22.0,24.0,6.0,6.0,0.0,262.2,38.0,29.0,972.0,153.0,0.0,0.0,2.0,52.0,5.0,7.0,214.0,2.0,3.0,0.99,1.16,0.78,307.1,262.7,14.89,0.0,6.18
1,2.0,장명부,1950-12-27,Samsung Lions,1983,60.0,36.0,5.0,44.0,30.0,16.0,6.0,0.0,427.1,138.0,111.0,1712.0,388.0,0.0,0.0,19.0,106.0,6.0,16.0,220.0,1.0,6.0,2.34,2.42,1.16,143.4,138.5,13.63,0.0,5.68
2,3.0,선동열,1963-01-10,Haitai Tigers,1988,31.0,9.0,1.0,12.0,16.0,5.0,10.0,0.0,178.1,29.0,24.0,674.0,116.0,0.0,0.0,3.0,35.0,0.0,7.0,200.0,1.0,0.0,1.21,1.26,0.85,316.2,303.8,11.79,0.0,4.89
3,4.0,최동원,1958-05-24,Lotte Giants,1986,39.0,17.0,4.0,21.0,19.0,14.0,2.0,0.0,267.0,60.0,46.0,1039.0,204.0,0.0,0.0,7.0,55.0,5.0,6.0,208.0,0.0,2.0,1.55,1.49,0.97,191.8,200.0,11.74,0.0,4.64
4,5.0,김시진,1958-03-20,Samsung Lions,1985,47.0,10.0,2.0,29.0,25.0,5.0,10.0,0.0,269.2,63.0,60.0,1064.0,172.0,0.0,0.0,8.0,121.0,3.0,15.0,201.0,1.0,10.0,2.0,2.59,1.09,177.3,137.0,10.52,0.0,3.97
5,6.0,최동원,1958-05-24,Lotte Giants,1985,42.0,14.0,4.0,17.0,20.0,9.0,8.0,0.0,225.0,60.0,48.0,865.0,170.0,0.0,0.0,7.0,41.0,2.0,8.0,161.0,1.0,3.0,1.92,1.82,0.94,177.6,187.7,9.88,0.0,3.85
6,7.0,최동원,1958-05-24,Lotte Giants,1984,51.0,14.0,1.0,20.0,27.0,13.0,6.0,0.0,284.2,91.0,76.0,1132.0,229.0,0.0,0.0,18.0,68.0,1.0,14.0,223.0,0.0,3.0,2.4,2.25,1.04,135.4,144.6,9.72,0.0,3.81
7,8.0,선동열,1963-01-10,Haitai Tigers,1987,31.0,7.0,4.0,11.0,14.0,2.0,6.0,0.0,162.0,21.0,16.0,604.0,89.0,0.0,0.0,2.0,47.0,1.0,3.0,144.0,1.0,1.0,0.89,1.76,0.84,392.4,198.4,9.39,0.0,3.71
8,9.0,김일융,1951-05-11,Samsung Lions,1984,38.0,14.0,3.0,23.0,16.0,10.0,3.0,0.0,222.0,68.0,56.0,907.0,191.0,0.0,0.0,7.0,78.0,4.0,6.0,155.0,1.0,5.0,2.27,2.24,1.21,146.8,149.1,7.44,0.0,3.69
9,10.0,윤학길,1961-07-04,Lotte Giants,1988,35.0,17.0,3.0,25.0,18.0,10.0,3.0,0.0,234.0,89.0,82.0,967.0,241.0,0.0,0.0,9.0,53.0,1.0,3.0,123.0,1.0,7.0,3.15,2.73,1.26,121.4,140.2,7.27,0.0,3.61
10,11.0,한희민,1962-07-19,Binggre Eagles,1987,30.0,14.0,3.0,22.0,13.0,8.0,4.0,0.0,206.0,64.0,54.0,798.0,156.0,0.0,0.0,7.0,44.0,2.0,4.0,116.0,1.0,0.0,2.36,2.45,0.97,155.2,149.3,7.19,0.0,3.02
11,12.0,최동원,1958-05-24,Lotte Giants,1987,32.0,15.0,4.0,22.0,14.0,12.0,2.0,0.0,224.0,80.0,70.0,920.0,218.0,0.0,0.0,6.0,61.0,2.0,7.0,163.0,0.0,3.0,2.81,2.24,1.25,125.6,157.5,7.15,0.0,3.02
12,13.0,김용수,1960-05-02,MBC Blue Dragons,1986,60.0,0.0,0.0,3.0,9.0,9.0,26.0,0.0,178.0,40.0,33.0,694.0,128.0,0.0,0.0,4.0,59.0,7.0,3.0,74.0,0.0,0.0,1.67,2.46,1.05,177.7,120.4,6.92,0.0,2.35
13,14.0,이상윤,1960-12-21,Haitai Tigers,1983,46.0,14.0,3.0,22.0,20.0,10.0,6.0,0.0,229.1,83.0,68.0,944.0,181.0,0.0,0.0,10.0,95.0,0.0,4.0,178.0,0.0,3.0,2.67,2.37,1.2,121.9,137.4,6.79,0.0,2.29
14,15.0,김시진,1958-03-20,Samsung Lions,1983,37.0,17.0,5.0,25.0,17.0,12.0,1.0,0.0,229.1,78.0,65.0,950.0,189.0,0.0,0.0,8.0,95.0,6.0,14.0,154.0,0.0,5.0,2.55,2.52,1.24,131.2,133.0,6.78,0.0,2.28
15,16.0,최일언,1961-07-27,OB Bears,1986,33.0,12.0,6.0,23.0,19.0,4.0,2.0,0.0,221.2,49.0,39.0,881.0,140.0,0.0,0.0,2.0,101.0,3.0,6.0,101.0,0.0,3.0,1.58,2.69,1.09,187.7,110.5,6.75,0.0,2.21
16,17.0,이상군,1962-04-21,Binggre Eagles,1987,33.0,24.0,3.0,27.0,18.0,11.0,2.0,0.0,246.2,83.0,70.0,1006.0,233.0,0.0,0.0,13.0,52.0,1.0,10.0,85.0,2.0,2.0,2.55,3.21,1.16,143.4,114.2,6.51,0.0,2.14
17,18.0,김건우,1963-08-30,MBC Blue Dragons,1986,37.0,9.0,2.0,29.0,18.0,6.0,0.0,0.0,229.1,62.0,46.0,891.0,170.0,0.0,0.0,6.0,62.0,1.0,9.0,102.0,3.0,4.0,1.81,2.44,1.01,164.3,121.5,6.46,0.0,2.1
18,19.0,선동열,1963-01-10,Haitai Tigers,1985,25.0,1.0,0.0,3.0,7.0,4.0,8.0,0.0,111.0,30.0,21.0,424.0,74.0,0.0,0.0,2.0,20.0,4.0,3.0,103.0,0.0,3.0,1.7,1.11,0.85,205.0,314.9,6.4,0.0,2.03
19,20.0,김용수,1960-05-02,MBC Blue Dragons,1987,52.0,0.0,0.0,1.0,9.0,5.0,24.0,0.0,141.0,34.0,31.0,560.0,109.0,0.0,0.0,6.0,36.0,6.0,4.0,71.0,0.0,0.0,1.98,2.74,1.03,174.1,125.9,5.98,0.0,1.94
20,21.0,장명부,1950-12-27,Samsung Lions,1984,45.0,15.0,2.0,25.0,13.0,20.0,7.0,0.0,261.2,111.0,96.0,1074.0,261.0,0.0,0.0,20.0,66.0,7.0,6.0,145.0,0.0,3.0,3.3,2.77,1.25,101.6,121.1,5.79,0.0,1.89
21,22.0,윤학길,1961-07-04,Lotte Giants,1987,31.0,13.0,2.0,20.0,13.0,10.0,1.0,0.0,200.0,66.0,57.0,815.0,191.0,0.0,0.0,4.0,62.0,5.0,3.0,84.0,0.0,2.0,2.57,2.79,1.27,137.8,126.8,5.72,0.0,1.86
22,23.0,이길환,1959-07-15,MBC Blue Dragons,1983,33.0,10.0,4.0,20.0,15.0,7.0,4.0,0.0,208.1,68.0,58.0,845.0,184.0,0.0,0.0,8.0,56.0,3.0,11.0,84.0,2.0,1.0,2.51,2.67,1.15,123.4,115.7,5.49,0.0,1.86
23,24.0,계형철,1953-04-03,OB Bears,1984,29.0,6.0,1.0,28.0,14.0,4.0,0.0,0.0,174.2,44.0,40.0,701.0,135.0,0.0,0.0,8.0,63.0,1.0,7.0,92.0,0.0,4.0,2.06,2.87,1.13,162.9,117.1,5.46,0.0,1.78
24,25.0,김일융,1951-05-11,Samsung Lions,1985,34.0,11.0,3.0,28.0,25.0,6.0,0.0,0.0,226.0,87.0,70.0,920.0,200.0,0.0,0.0,13.0,77.0,6.0,5.0,107.0,0.0,4.0,2.79,3.03,1.23,127.4,117.3,5.43,0.0,1.77
25,26.0,이상윤,1960-12-21,Haitai Tigers,1984,40.0,8.0,1.0,18.0,10.0,13.0,8.0,0.0,211.2,75.0,67.0,876.0,186.0,0.0,0.0,14.0,73.0,8.0,10.0,128.0,0.0,2.0,2.85,2.85,1.22,115.7,115.5,5.43,0.0,1.76
26,27.0,이상군,1962-04-21,Binggre Eagles,1986,35.0,19.0,4.0,30.0,12.0,17.0,1.0,0.0,243.1,88.0,71.0,972.0,216.0,0.0,0.0,17.0,43.0,3.0,11.0,104.0,0.0,0.0,2.63,2.76,1.06,119.5,113.8,5.28,0.0,1.74
27,28.0,임호균,1956-03-26,Samsung Lions,1983,35.0,15.0,1.0,29.0,12.0,15.0,2.0,0.0,234.2,94.0,79.0,954.0,231.0,0.0,0.0,16.0,52.0,1.0,6.0,86.0,1.0,1.0,3.03,2.94,1.21,110.6,114.0,5.23,0.0,1.65
28,29.0,하기룡,1955-05-08,MBC Blue Dragons,1983,36.0,6.0,2.0,16.0,10.0,11.0,4.0,0.0,173.2,57.0,45.0,696.0,137.0,0.0,0.0,4.0,48.0,7.0,8.0,73.0,2.0,4.0,2.33,2.36,1.07,132.6,130.9,5.15,0.0,1.65
29,30.0,이상군,1962-04-21,Binggre Eagles,1988,38.0,3.0,1.0,8.0,10.0,3.0,16.0,0.0,135.0,38.0,36.0,530.0,120.0,0.0,0.0,7.0,22.0,2.0,3.0,47.0,0.0,2.0,2.4,3.07,1.05,163.5,128.0,5.13,0.0,1.63
30,31.0,최동원,1958-05-24,Lotte Giants,1983,38.0,16.0,1.0,21.0,9.0,16.0,4.0,0.0,208.2,89.0,67.0,863.0,202.0,0.0,0.0,17.0,51.0,2.0,8.0,148.0,0.0,3.0,2.89,2.52,1.21,114.2,131.1,5.0,0.0,1.61
31,32.0,김용남,1958-02-26,Haitai Tigers,1983,35.0,6.0,3.0,22.0,13.0,10.0,1.0,0.0,181.1,67.0,57.0,731.0,171.0,0.0,0.0,12.0,30.0,3.0,5.0,80.0,0.0,1.0,2.83,2.57,1.11,115.0,126.9,4.82,0.0,1.61
32,33.0,한희민,1962-07-19,Binggre Eagles,1988,31.0,10.0,4.0,20.0,16.0,5.0,5.0,0.0,188.0,72.0,65.0,782.0,188.0,0.0,0.0,16.0,55.0,2.0,7.0,103.0,0.0,1.0,3.11,3.55,1.29,126.1,110.7,4.82,0.0,1.51
33,34.0,장호연,1960-05-05,OB Bears,1987,32.0,13.0,2.0,21.0,15.0,8.0,6.0,0.0,188.1,67.0,59.0,784.0,170.0,0.0,0.0,1.0,74.0,1.0,10.0,73.0,0.0,6.0,2.82,3.08,1.3,121.9,111.5,4.51,0.0,1.5
34,35.0,김성길,1956-05-22,Samsung Lions,1988,38.0,2.0,1.0,15.0,8.0,4.0,6.0,0.0,151.1,51.0,47.0,615.0,150.0,0.0,0.0,10.0,31.0,2.0,5.0,62.0,2.0,0.0,2.8,3.29,1.2,138.0,117.1,4.33,0.0,1.46
35,36.0,윤석환,1961-07-07,OB Bears,1984,57.0,0.0,0.0,4.0,12.0,8.0,25.0,0.0,146.0,49.0,46.0,581.0,108.0,0.0,0.0,17.0,43.0,4.0,3.0,111.0,1.0,3.0,2.84,3.0,1.03,118.4,112.1,4.29,0.0,1.44
36,37.0,최일언,1961-07-27,OB Bears,1984,37.0,2.0,0.0,18.0,9.0,6.0,3.0,0.0,167.2,60.0,53.0,695.0,145.0,0.0,0.0,6.0,65.0,3.0,8.0,86.0,0.0,8.0,2.84,2.83,1.25,118.1,118.6,4.25,0.0,1.39
37,38.0,김신부,1963-07-06,Chungbo Pintos,1986,40.0,10.0,3.0,28.0,10.0,10.0,0.0,0.0,233.0,93.0,83.0,965.0,220.0,0.0,0.0,12.0,57.0,5.0,21.0,89.0,1.0,1.0,3.21,2.92,1.19,98.3,107.9,4.21,0.0,1.36
38,39.0,박상열,1955-08-05,OB Bears,1983,30.0,7.0,1.0,20.0,10.0,9.0,0.0,0.0,173.1,57.0,48.0,716.0,162.0,0.0,0.0,11.0,44.0,1.0,14.0,68.0,2.0,0.0,2.49,3.08,1.19,131.3,106.1,4.19,0.0,1.34
39,40.0,김진욱,1960-08-05,OB Bears,1987,32.0,7.0,2.0,12.0,4.0,7.0,6.0,0.0,150.1,49.0,43.0,601.0,120.0,0.0,0.0,3.0,58.0,2.0,3.0,81.0,1.0,1.0,2.57,2.83,1.18,133.5,121.6,4.16,0.0,1.34
40,41.0,정삼흠,1961-11-05,MBC Blue Dragons,1987,33.0,8.0,3.0,18.0,6.0,13.0,2.0,0.0,195.1,68.0,62.0,804.0,171.0,0.0,0.0,10.0,73.0,3.0,7.0,85.0,0.0,3.0,2.86,3.45,1.25,120.6,100.0,4.15,0.0,1.33
41,42.0,계형철,1953-04-03,OB Bears,1985,34.0,8.0,0.0,26.0,11.0,11.0,2.0,0.0,194.0,71.0,60.0,789.0,165.0,0.0,0.0,17.0,63.0,0.0,7.0,84.0,0.0,6.0,2.78,3.57,1.18,128.1,99.8,4.09,0.0,1.33
42,43.0,윤석환,1961-07-07,OB Bears,1988,40.0,0.0,0.0,1.0,13.0,3.0,14.0,0.0,108.0,28.0,25.0,439.0,96.0,0.0,0.0,6.0,38.0,5.0,2.0,53.0,1.0,0.0,2.08,3.29,1.24,180.5,114.3,3.97,0.0,1.32
43,44.0,김시진,1958-03-20,Samsung Lions,1987,33.0,7.0,3.0,27.0,23.0,6.0,0.0,0.0,193.1,73.0,67.0,818.0,166.0,0.0,0.0,9.0,96.0,1.0,7.0,113.0,1.0,5.0,3.12,3.49,1.36,114.4,102.4,3.97,0.0,1.26
44,45.0,정삼흠,1961-11-05,MBC Blue Dragons,1985,41.0,7.0,3.0,16.0,9.0,12.0,5.0,0.0,192.2,72.0,67.0,801.0,169.0,0.0,0.0,13.0,72.0,2.0,12.0,99.0,0.0,5.0,3.13,3.34,1.25,106.7,99.9,3.96,0.0,1.21
45,46.0,박동수,1961-06-12,Lotte Giants,1986,30.0,5.0,0.0,13.0,8.0,7.0,3.0,0.0,148.2,53.0,42.0,613.0,133.0,0.0,0.0,2.0,31.0,4.0,13.0,68.0,0.0,1.0,2.54,2.14,1.1,117.0,138.8,3.93,0.0,1.19
46,47.0,김건우,1963-08-30,MBC Blue Dragons,1987,26.0,6.0,1.0,23.0,12.0,7.0,0.0,0.0,163.1,54.0,48.0,686.0,170.0,0.0,0.0,5.0,51.0,0.0,3.0,56.0,1.0,1.0,2.64,3.17,1.35,130.3,108.6,3.87,0.0,1.18
47,48.0,최동원,1958-05-24,Lotte Giants,1988,16.0,3.0,1.0,4.0,7.0,3.0,3.0,0.0,83.1,24.0,19.0,349.0,77.0,0.0,0.0,4.0,24.0,3.0,1.0,83.0,1.0,1.0,2.05,2.0,1.21,186.6,191.3,3.86,0.0,1.15
48,49.0,오영일,1960-02-06,MBC Blue Dragons,1983,36.0,7.0,0.0,13.0,10.0,9.0,4.0,0.0,173.0,62.0,56.0,704.0,147.0,0.0,0.0,8.0,59.0,0.0,8.0,69.0,1.0,6.0,2.91,3.02,1.19,106.1,102.3,3.81,0.0,1.15
49,50.0,장호연,1960-05-05,OB Bears,1986,31.0,10.0,4.0,22.0,13.0,9.0,3.0,0.0,165.2,46.0,35.0,659.0,136.0,0.0,0.0,7.0,45.0,0.0,6.0,44.0,2.0,1.0,1.9,3.02,1.09,156.3,98.5,3.8,0.0,1.14
50,51.0,최일언,1961-07-27,OB Bears,1985,38.0,2.0,0.0,9.0,10.0,14.0,3.0,0.0,144.2,57.0,39.0,610.0,119.0,0.0,0.0,4.0,75.0,3.0,5.0,88.0,0.0,2.0,2.43,2.96,1.34,146.9,120.6,3.8,0.0,1.14
51,52.0,오영일,1960-02-06,MBC Blue Dragons,1984,40.0,14.0,2.0,23.0,15.0,14.0,3.0,0.0,239.2,92.0,82.0,1004.0,239.0,0.0,0.0,16.0,79.0,2.0,13.0,92.0,0.0,3.0,3.08,3.37,1.33,100.4,91.8,3.77,0.0,1.13
52,53.0,김진욱,1960-08-05,OB Bears,1988,29.0,5.0,2.0,14.0,11.0,8.0,2.0,0.0,139.1,52.0,48.0,559.0,116.0,0.0,0.0,6.0,45.0,2.0,8.0,73.0,2.0,4.0,3.1,3.19,1.16,121.3,118.0,3.75,0.0,1.12
53,54.0,권영호,1954-01-23,Samsung Lions,1985,54.0,0.0,0.0,13.0,6.0,6.0,26.0,0.0,174.2,75.0,68.0,746.0,170.0,0.0,0.0,14.0,68.0,4.0,3.0,81.0,1.0,4.0,3.5,3.48,1.36,101.4,102.0,3.72,0.0,1.1
54,55.0,최일언,1961-07-27,OB Bears,1988,20.0,2.0,0.0,13.0,6.0,4.0,0.0,0.0,115.2,33.0,28.0,485.0,100.0,0.0,0.0,0.0,48.0,0.0,5.0,50.0,0.0,2.0,2.18,3.09,1.28,172.6,121.8,3.71,0.0,1.09
55,56.0,김시진,1958-03-20,Samsung Lions,1984,39.0,11.0,2.0,26.0,19.0,11.0,2.0,0.0,215.0,94.0,76.0,910.0,178.0,0.0,0.0,14.0,112.0,2.0,13.0,154.0,0.0,8.0,3.18,3.27,1.35,104.7,101.9,3.65,0.0,1.07
56,57.0,황규봉,1953-04-24,Samsung Lions,1985,34.0,4.0,0.0,24.0,14.0,7.0,4.0,0.0,165.2,66.0,56.0,679.0,158.0,0.0,0.0,12.0,38.0,2.0,4.0,55.0,2.0,1.0,3.04,3.22,1.18,116.7,110.3,3.61,0.0,1.05
57,58.0,김봉근,1961-03-13,MBC Blue Dragons,1984,32.0,7.0,1.0,20.0,9.0,7.0,2.0,0.0,171.1,62.0,48.0,681.0,146.0,0.0,0.0,9.0,37.0,3.0,6.0,60.0,1.0,1.0,2.52,2.82,1.07,122.6,109.4,3.58,0.0,1.04
58,59.0,양상문,1961-03-24,Chungbo Pintos,1987,36.0,13.0,3.0,23.0,12.0,13.0,0.0,0.0,209.1,87.0,72.0,863.0,188.0,0.0,0.0,18.0,66.0,2.0,5.0,84.0,0.0,2.0,3.1,3.77,1.21,116.0,95.2,3.55,0.0,1.04
59,60.0,김시진,1958-03-20,Samsung Lions,1986,30.0,11.0,1.0,26.0,16.0,6.0,3.0,0.0,196.2,68.0,54.0,822.0,161.0,0.0,0.0,6.0,110.0,4.0,6.0,87.0,0.0,3.0,2.47,3.3,1.38,125.1,93.8,3.51,0.0,0.98
60,61.0,최일언,1961-07-27,OB Bears,1987,24.0,9.0,2.0,19.0,14.0,8.0,1.0,0.0,154.2,52.0,44.0,639.0,129.0,0.0,0.0,4.0,70.0,0.0,6.0,70.0,0.0,5.0,2.56,3.37,1.29,134.3,101.9,3.49,0.0,0.98
61,62.0,성준,1962-09-25,Samsung Lions,1986,29.0,6.0,1.0,19.0,15.0,5.0,2.0,0.0,149.0,48.0,39.0,607.0,135.0,0.0,0.0,9.0,40.0,3.0,3.0,60.0,2.0,2.0,2.36,2.86,1.17,131.2,108.1,3.46,0.0,0.98
62,63.0,박동수,1961-06-12,Lotte Giants,1985,32.0,7.0,2.0,22.0,9.0,10.0,0.0,0.0,168.0,69.0,51.0,695.0,158.0,0.0,0.0,11.0,36.0,1.0,17.0,84.0,1.0,2.0,2.73,3.0,1.16,124.8,113.8,3.45,0.0,0.98
63,64.0,권영호,1954-01-23,Samsung Lions,1986,38.0,3.0,1.0,10.0,7.0,7.0,19.0,0.0,146.1,47.0,45.0,593.0,121.0,0.0,0.0,12.0,53.0,3.0,2.0,74.0,0.0,6.0,2.77,3.2,1.19,111.7,96.7,3.43,0.0,0.98
64,65.0,유종겸,1956-09-14,MBC Blue Dragons,1983,34.0,4.0,0.0,14.0,8.0,7.0,5.0,0.0,139.0,45.0,37.0,560.0,103.0,0.0,0.0,8.0,50.0,0.0,5.0,74.0,0.0,4.0,2.4,2.93,1.1,129.1,105.6,3.42,0.0,0.96
65,66.0,하기룡,1955-05-08,MBC Blue Dragons,1984,30.0,11.0,3.0,19.0,15.0,8.0,1.0,0.0,178.2,70.0,56.0,751.0,171.0,0.0,0.0,7.0,59.0,2.0,13.0,81.0,0.0,6.0,2.82,2.92,1.29,109.6,105.9,3.38,0.0,0.95
66,67.0,오영일,1960-02-06,MBC Blue Dragons,1988,28.0,8.0,0.0,21.0,7.0,11.0,2.0,0.0,176.0,83.0,68.0,760.0,208.0,0.0,0.0,9.0,50.0,4.0,5.0,64.0,2.0,2.0,3.48,3.39,1.47,107.8,110.8,3.36,0.0,0.92
67,68.0,한희민,1962-07-19,Binggre Eagles,1986,29.0,12.0,3.0,19.0,9.0,13.0,0.0,0.0,175.1,67.0,61.0,700.0,136.0,0.0,0.0,18.0,49.0,1.0,10.0,123.0,3.0,2.0,3.13,3.0,1.06,100.2,104.6,3.31,0.0,0.91
68,69.0,이선희,1955-02-14,MBC Blue Dragons,1985,28.0,4.0,1.0,18.0,5.0,7.0,2.0,0.0,138.0,44.0,35.0,569.0,111.0,0.0,0.0,5.0,55.0,3.0,4.0,49.0,0.0,2.0,2.28,3.2,1.2,146.3,104.5,3.31,0.0,0.91
69,70.0,김훈기,1962-07-25,Samsung Lions,1988,27.0,6.0,3.0,10.0,10.0,5.0,3.0,0.0,118.0,44.0,36.0,472.0,102.0,0.0,0.0,8.0,23.0,2.0,3.0,50.0,0.0,0.0,2.75,3.22,1.06,140.5,119.7,3.22,0.0,0.88
70,71.0,김기태,1952-10-16,Chungbo Pintos,1986,42.0,6.0,1.0,12.0,9.0,14.0,5.0,0.0,175.1,73.0,62.0,746.0,158.0,0.0,0.0,12.0,66.0,5.0,17.0,109.0,0.0,6.0,3.18,3.06,1.28,99.0,103.1,3.21,0.0,0.88
71,72.0,박노준,1962-10-26,OB Bears,1986,33.0,1.0,0.0,9.0,5.0,6.0,7.0,0.0,110.1,34.0,28.0,442.0,91.0,0.0,0.0,4.0,36.0,2.0,2.0,61.0,0.0,3.0,2.28,2.42,1.15,130.1,122.8,3.13,0.0,0.87
72,73.0,차동철,1963-01-27,Haitai Tigers,1987,35.0,7.0,2.0,23.0,9.0,11.0,0.0,0.0,159.2,65.0,56.0,653.0,157.0,0.0,0.0,8.0,39.0,2.0,5.0,49.0,0.0,0.0,3.16,3.29,1.23,110.5,105.9,3.1,0.0,0.83
73,74.0,차동철,1963-01-27,Haitai Tigers,1986,33.0,3.0,2.0,21.0,10.0,4.0,3.0,0.0,131.0,46.0,41.0,535.0,134.0,0.0,0.0,4.0,24.0,1.0,5.0,35.0,0.0,1.0,2.82,2.58,1.21,108.3,118.3,3.04,0.0,0.83
74,75.0,강만식,1957-02-15,Haitai Tigers,1985,41.0,5.0,2.0,37.0,13.0,8.0,0.0,0.0,198.2,78.0,73.0,803.0,178.0,0.0,0.0,22.0,44.0,0.0,19.0,63.0,0.0,1.0,3.31,3.97,1.12,105.6,87.9,3.02,0.0,0.82
75,76.0,김진욱,1960-08-05,OB Bears,1985,30.0,4.0,2.0,22.0,10.0,8.0,0.0,0.0,143.0,56.0,48.0,605.0,134.0,0.0,0.0,7.0,55.0,0.0,10.0,57.0,1.0,4.0,3.02,3.42,1.32,118.0,104.3,2.96,0.0,0.82
76,77.0,문희수,1965-03-15,Haitai Tigers,1987,22.0,4.0,1.0,13.0,7.0,7.0,2.0,0.0,109.1,34.0,27.0,429.0,89.0,0.0,0.0,5.0,27.0,1.0,4.0,37.0,1.0,0.0,2.22,3.21,1.06,156.9,108.7,2.95,0.0,0.81
77,78.0,박상열,1955-08-05,OB Bears,1984,30.0,1.0,0.0,22.0,12.0,7.0,0.0,0.0,133.0,42.0,38.0,532.0,108.0,0.0,0.0,8.0,49.0,0.0,10.0,47.0,0.0,1.0,2.57,3.55,1.18,130.6,94.7,2.92,0.0,0.8
78,79.0,김일융,1951-05-11,Samsung Lions,1986,19.0,7.0,2.0,19.0,13.0,4.0,0.0,0.0,138.2,47.0,39.0,573.0,120.0,0.0,0.0,8.0,45.0,4.0,2.0,60.0,0.0,1.0,2.53,2.89,1.19,122.1,107.0,2.92,0.0,
79,80.0,방수원,1960-01-04,Haitai Tigers,1988,28.0,0.0,0.0,2.0,2.0,1.0,6.0,0.0,80.0,17.0,15.0,320.0,63.0,0.0,0.0,1.0,23.0,1.0,2.0,23.0,0.0,0.0,1.69,3.07,1.08,227.0,124.9,2.9,0.0,0.77
80,81.0,유종겸,1956-09-14,MBC Blue Dragons,1984,38.0,6.0,0.0,16.0,8.0,10.0,4.0,0.0,183.2,79.0,72.0,770.0,181.0,0.0,0.0,13.0,52.0,1.0,5.0,86.0,1.0,4.0,3.53,3.04,1.27,87.6,101.7,2.9,0.0,0.75
81,82.0,김용남,1958-02-26,Haitai Tigers,1984,31.0,6.0,2.0,21.0,7.0,11.0,1.0,0.0,132.2,58.0,45.0,547.0,133.0,0.0,0.0,10.0,19.0,0.0,1.0,68.0,0.0,1.0,3.05,2.55,1.15,108.0,129.4,2.9,0.0,0.74
82,83.0,이상윤,1960-12-21,Haitai Tigers,1988,30.0,3.0,1.0,22.0,16.0,6.0,0.0,0.0,137.0,56.0,44.0,575.0,98.0,0.0,0.0,3.0,75.0,1.0,4.0,55.0,1.0,4.0,2.89,3.77,1.26,132.5,101.6,2.89,0.0,0.74
83,84.0,차동철,1963-01-27,Haitai Tigers,1988,32.0,5.0,3.0,15.0,10.0,6.0,1.0,0.0,146.0,68.0,54.0,607.0,156.0,0.0,0.0,11.0,21.0,2.0,10.0,45.0,0.0,4.0,3.33,3.54,1.21,115.1,108.3,2.84,0.0,0.74
84,85.0,황규봉,1953-04-24,Samsung Lions,1984,30.0,2.0,1.0,8.0,10.0,2.0,4.0,0.0,108.0,42.0,39.0,452.0,109.0,0.0,0.0,4.0,24.0,1.0,8.0,48.0,0.0,2.0,3.25,2.6,1.23,102.5,128.4,2.83,0.0,0.71
85,86.0,배경환,1956-07-08,Lotte Giants,1983,37.0,4.0,2.0,20.0,7.0,4.0,0.0,0.0,150.0,72.0,53.0,637.0,159.0,0.0,0.0,9.0,32.0,0.0,5.0,62.0,2.0,2.0,3.18,2.75,1.27,103.8,120.0,2.81,0.0,0.7
86,87.0,장호연,1960-05-05,OB Bears,1984,31.0,0.0,0.0,4.0,5.0,3.0,1.0,0.0,102.1,34.0,18.0,407.0,77.0,0.0,0.0,3.0,35.0,0.0,4.0,47.0,0.0,3.0,1.58,2.75,1.09,212.2,122.3,2.81,0.0,0.68
87,88.0,김대현,1962-06-16,Haitai Tigers,1987,31.0,3.0,0.0,12.0,9.0,5.0,3.0,0.0,142.1,48.0,44.0,580.0,121.0,0.0,0.0,12.0,53.0,2.0,4.0,51.0,0.0,3.0,2.78,4.01,1.22,125.4,87.1,2.75,0.0,0.68
88,89.0,이용철,1966-10-06,MBC Blue Dragons,1988,29.0,6.0,0.0,19.0,7.0,11.0,0.0,0.0,144.1,63.0,44.0,610.0,138.0,0.0,0.0,5.0,55.0,0.0,7.0,46.0,2.0,1.0,2.74,3.68,1.34,136.7,101.9,2.75,0.0,0.68
89,90.0,권영호,1954-01-23,Samsung Lions,1983,32.0,5.0,0.0,15.0,6.0,10.0,7.0,0.0,135.0,58.0,48.0,556.0,113.0,0.0,0.0,7.0,48.0,2.0,6.0,49.0,1.0,2.0,3.2,3.16,1.19,104.6,105.8,2.69,0.0,0.67
90,91.0,양일환,1961-06-10,Samsung Lions,1983,32.0,4.0,0.0,21.0,9.0,7.0,1.0,0.0,176.1,82.0,63.0,738.0,155.0,0.0,0.0,12.0,63.0,2.0,11.0,63.0,1.0,1.0,3.22,3.45,1.24,104.0,96.9,2.64,0.0,0.65
91,92.0,권영호,1954-01-23,Samsung Lions,1984,29.0,2.0,0.0,18.0,6.0,8.0,2.0,0.0,137.1,53.0,50.0,574.0,124.0,0.0,0.0,8.0,57.0,3.0,4.0,52.0,1.0,0.0,3.28,3.41,1.32,101.7,97.8,2.61,0.0,0.65
92,93.0,김홍명,1962-06-16,Binggre Eagles,1988,24.0,7.0,1.0,22.0,8.0,13.0,0.0,0.0,151.2,75.0,72.0,656.0,158.0,0.0,0.0,8.0,72.0,6.0,4.0,61.0,1.0,3.0,4.27,3.84,1.52,91.9,102.1,2.61,0.0,0.65
93,94.0,양상문,1961-03-24,Pacific Dolphins,1988,38.0,8.0,1.0,23.0,9.0,12.0,3.0,0.0,169.1,89.0,72.0,722.0,185.0,0.0,0.0,12.0,54.0,0.0,2.0,68.0,0.0,6.0,3.83,3.69,1.41,100.1,103.8,2.6,0.0,0.64
94,95.0,김시진,1958-03-20,Samsung Lions,1988,25.0,5.0,1.0,19.0,11.0,9.0,0.0,0.0,144.1,62.0,56.0,602.0,107.0,0.0,0.0,10.0,70.0,1.0,7.0,67.0,0.0,3.0,3.49,4.13,1.23,110.4,93.4,2.58,0.0,0.64
95,96.0,최계훈,1961-06-06,Samsung Lions,1984,34.0,4.0,0.0,12.0,8.0,8.0,9.0,0.0,137.1,67.0,54.0,589.0,132.0,0.0,0.0,9.0,55.0,2.0,6.0,99.0,2.0,1.0,3.54,2.84,1.36,94.8,118.1,2.55,0.0,0.64
96,97.0,신완근,1966-02-14,Pacific Dolphins,1988,37.0,1.0,0.0,4.0,2.0,9.0,3.0,0.0,139.0,71.0,62.0,585.0,141.0,0.0,0.0,8.0,44.0,0.0,3.0,73.0,1.0,0.0,4.01,3.29,1.33,95.4,116.4,2.54,0.0,0.64
97,98.0,진동한,1961-06-04,Samsung Lions,1987,28.0,2.0,0.0,20.0,12.0,6.0,2.0,0.0,144.0,56.0,45.0,596.0,144.0,0.0,0.0,8.0,49.0,2.0,7.0,34.0,0.0,0.0,2.81,3.84,1.34,126.9,92.9,2.53,0.0,0.63
98,99.0,권영호,1954-01-23,Samsung Lions,1987,32.0,0.0,0.0,2.0,5.0,3.0,18.0,0.0,89.2,27.0,24.0,356.0,74.0,0.0,0.0,7.0,30.0,1.0,0.0,28.0,0.0,1.0,2.41,3.83,1.16,148.2,93.2,2.53,0.0,0.63
99,100.0,계형철,1953-04-03,OB Bears,1983,29.0,9.0,3.0,27.0,9.0,12.0,0.0,0.0,193.1,97.0,74.0,816.0,190.0,0.0,0.0,11.0,72.0,2.0,13.0,86.0,3.0,9.0,3.44,3.2,1.36,95.0,102.4,2.53,0.0,0.62
100,101.0,유종겸,1956-09-14,MBC Blue Dragons,1986,41.0,1.0,1.0,15.0,10.0,7.0,0.0,0.0,145.2,61.0,49.0,599.0,131.0,0.0,0.0,8.0,49.0,1.0,5.0,84.0,0.0,5.0,3.03,2.73,1.24,98.0,108.7,2.52,0.0,0.61
101,102.0,문희수,1965-03-15,Haitai Tigers,1988,26.0,4.0,1.0,13.0,8.0,7.0,3.0,0.0,110.1,45.0,37.0,458.0,101.0,0.0,0.0,9.0,33.0,1.0,1.0,55.0,0.0,2.0,3.02,3.54,1.22,126.9,108.2,2.51,0.0,0.61
102,103.0,조병천,1960-05-25,Pacific Dolphins,1988,28.0,4.0,0.0,15.0,2.0,10.0,1.0,0.0,128.0,59.0,56.0,546.0,134.0,0.0,0.0,6.0,44.0,3.0,1.0,40.0,0.0,1.0,3.94,3.55,1.39,97.3,108.0,2.49,0.0,0.61
103,104.0,주동식,1948-08-23,Haitai Tigers,1984,18.0,4.0,2.0,10.0,6.0,5.0,0.0,0.0,83.1,23.0,21.0,333.0,74.0,0.0,0.0,4.0,21.0,4.0,3.0,27.0,0.0,0.0,2.27,2.84,1.14,145.3,116.2,2.48,0.0,0.61
104,105.0,성준,1962-09-25,Samsung Lions,1988,31.0,4.0,2.0,21.0,11.0,8.0,2.0,0.0,159.2,67.0,59.0,668.0,135.0,0.0,0.0,17.0,74.0,3.0,3.0,59.0,1.0,4.0,3.33,4.61,1.31,116.0,83.6,2.43,0.0,0.6
105,106.0,계형철,1953-04-03,OB Bears,1987,25.0,5.0,0.0,24.0,8.0,12.0,0.0,0.0,148.1,59.0,43.0,633.0,122.0,0.0,0.0,3.0,74.0,0.0,6.0,53.0,0.0,1.0,2.61,3.63,1.32,131.8,94.6,2.4,0.0,0.6
106,107.0,신동수,1966-10-01,Haitai Tigers,1987,31.0,2.0,1.0,14.0,5.0,4.0,0.0,0.0,127.2,48.0,43.0,524.0,112.0,0.0,0.0,10.0,53.0,4.0,3.0,67.0,0.0,0.0,3.03,3.66,1.29,115.1,95.3,2.4,0.0,0.6
107,108.0,배경환,1956-07-08,Lotte Giants,1985,22.0,2.0,1.0,15.0,6.0,6.0,0.0,0.0,98.2,36.0,31.0,406.0,93.0,0.0,0.0,6.0,21.0,2.0,4.0,38.0,0.0,3.0,2.83,2.94,1.16,120.6,116.1,2.37,0.0,0.6
108,109.0,신동수,1966-10-01,Haitai Tigers,1988,22.0,2.0,1.0,11.0,5.0,2.0,1.0,0.0,81.1,25.0,22.0,338.0,87.0,0.0,0.0,6.0,19.0,1.0,2.0,40.0,1.0,0.0,2.43,3.29,1.3,157.3,116.4,2.3,0.0,0.59
109,110.0,김문희,1955-03-23,Lotte Giants,1983,34.0,5.0,0.0,20.0,8.0,10.0,0.0,0.0,155.1,70.0,60.0,649.0,154.0,0.0,0.0,12.0,53.0,2.0,3.0,46.0,2.0,2.0,3.48,3.51,1.33,94.9,93.9,2.28,0.0,0.58
110,111.0,박동수,1961-06-12,Lotte Giants,1988,31.0,0.0,0.0,13.0,7.0,8.0,2.0,0.0,114.1,59.0,46.0,490.0,131.0,0.0,0.0,6.0,27.0,2.0,7.0,59.0,2.0,3.0,3.62,3.07,1.38,105.8,124.8,2.28,0.0,0.58
111,112.0,임호균,1956-03-26,Chungbo Pintos,1987,27.0,11.0,1.0,21.0,9.0,10.0,0.0,0.0,173.2,80.0,73.0,748.0,185.0,0.0,0.0,8.0,80.0,9.0,6.0,38.0,0.0,8.0,3.78,3.96,1.53,94.9,90.7,2.27,0.0,0.57
112,113.0,김정행,1952-05-15,Lotte Giants,1985,19.0,5.0,2.0,16.0,7.0,5.0,0.0,0.0,115.1,42.0,35.0,482.0,103.0,0.0,0.0,6.0,54.0,0.0,4.0,55.0,0.0,2.0,2.73,3.45,1.36,124.9,98.9,2.24,0.0,0.57
113,114.0,문희수,1965-03-15,Haitai Tigers,1985,39.0,2.0,0.0,24.0,12.0,8.0,1.0,0.0,144.2,69.0,56.0,631.0,159.0,0.0,0.0,11.0,48.0,1.0,5.0,64.0,2.0,1.0,3.48,3.4,1.43,100.2,102.7,2.23,0.0,0.57
114,115.0,양일환,1961-06-10,Samsung Lions,1987,18.0,4.0,2.0,9.0,8.0,4.0,1.0,0.0,86.0,23.0,18.0,333.0,62.0,0.0,0.0,4.0,34.0,0.0,6.0,35.0,0.0,0.0,1.88,3.65,1.12,189.5,97.7,2.23,0.0,0.56
115,116.0,임호균,1956-03-26,Lotte Giants,1984,27.0,9.0,0.0,24.0,10.0,9.0,0.0,0.0,161.2,64.0,53.0,692.0,151.0,0.0,0.0,9.0,80.0,2.0,3.0,44.0,0.0,2.0,2.95,3.82,1.43,110.3,85.1,2.23,0.0,0.56
116,117.0,유종겸,1956-09-14,MBC Blue Dragons,1985,33.0,3.0,0.0,13.0,10.0,8.0,1.0,0.0,135.1,52.0,45.0,547.0,111.0,0.0,0.0,10.0,52.0,1.0,5.0,40.0,0.0,8.0,2.99,3.83,1.2,111.6,87.3,2.19,0.0,0.56
117,118.0,김용남,1958-02-26,Haitai Tigers,1985,43.0,1.0,0.0,10.0,11.0,6.0,8.0,0.0,134.2,74.0,67.0,560.0,147.0,0.0,0.0,14.0,26.0,2.0,3.0,74.0,0.0,1.0,4.48,3.07,1.29,78.0,113.7,2.15,0.0,0.56
118,119.0,박동수,1961-06-12,Lotte Giants,1987,32.0,8.0,1.0,14.0,9.0,8.0,3.0,0.0,140.0,72.0,66.0,601.0,164.0,0.0,0.0,10.0,27.0,0.0,13.0,71.0,0.0,3.0,4.24,3.24,1.36,83.3,109.1,2.12,0.0,0.56
119,120.0,김대중,1963-03-16,Binggre Eagles,1988,23.0,4.0,1.0,18.0,7.0,7.0,1.0,0.0,119.0,54.0,51.0,508.0,131.0,0.0,0.0,9.0,34.0,2.0,13.0,36.0,1.0,1.0,3.86,4.09,1.39,101.8,95.9,2.11,0.0,0.55
120,121.0,계형철,1953-04-03,OB Bears,1988,33.0,2.0,0.0,18.0,10.0,12.0,2.0,0.0,129.2,59.0,54.0,558.0,121.0,0.0,0.0,7.0,62.0,2.0,2.0,48.0,0.0,3.0,3.75,3.97,1.41,100.4,94.6,2.11,0.0,0.55
121,122.0,황태환,1952-08-06,OB Bears,1985,35.0,1.0,1.0,6.0,4.0,8.0,1.0,0.0,97.0,42.0,38.0,402.0,79.0,0.0,0.0,6.0,40.0,2.0,2.0,50.0,0.0,2.0,3.53,3.23,1.23,101.1,110.5,2.1,0.0,0.54
122,123.0,조도연,1961-08-06,Haitai Tigers,1985,36.0,1.0,0.0,15.0,4.0,6.0,2.0,0.0,123.2,56.0,51.0,522.0,131.0,0.0,0.0,10.0,35.0,1.0,5.0,46.0,0.0,4.0,3.71,3.47,1.34,94.1,100.6,2.1,0.0,0.53
123,124.0,강만식,1957-02-15,Haitai Tigers,1983,22.0,1.0,1.0,14.0,6.0,4.0,0.0,0.0,94.0,42.0,29.0,387.0,83.0,0.0,0.0,5.0,22.0,2.0,5.0,51.0,1.0,0.0,2.78,2.46,1.12,117.2,132.2,2.09,0.0,0.53
124,125.0,김용남,1958-02-26,Binggre Eagles,1988,27.0,1.0,0.0,16.0,8.0,6.0,1.0,0.0,122.2,67.0,56.0,525.0,150.0,0.0,0.0,9.0,25.0,1.0,2.0,41.0,0.0,1.0,4.11,3.5,1.43,95.5,112.2,2.05,0.0,0.52
125,126.0,오명록,1962-04-06,Lotte Giants,1987,13.0,4.0,1.0,8.0,5.0,3.0,0.0,0.0,76.2,26.0,25.0,324.0,70.0,0.0,0.0,2.0,30.0,0.0,0.0,41.0,0.0,3.0,2.93,2.91,1.3,120.4,121.4,2.05,0.0,0.52
126,127.0,황태환,1952-08-06,OB Bears,1983,39.0,0.0,0.0,2.0,6.0,6.0,14.0,0.0,105.1,46.0,31.0,449.0,105.0,0.0,0.0,11.0,40.0,2.0,5.0,60.0,0.0,0.0,2.65,3.5,1.38,123.6,93.5,2.02,0.0,0.52
127,128.0,윤석환,1961-07-07,OB Bears,1985,41.0,1.0,0.0,4.0,5.0,1.0,6.0,0.0,110.1,48.0,41.0,453.0,114.0,0.0,0.0,13.0,30.0,0.0,5.0,44.0,1.0,2.0,3.34,3.9,1.31,106.6,91.4,2.01,0.0,0.52
128,129.0,오영일,1960-02-06,MBC Blue Dragons,1985,28.0,3.0,0.0,13.0,8.0,8.0,1.0,0.0,127.1,56.0,50.0,555.0,132.0,0.0,0.0,6.0,47.0,1.0,7.0,42.0,0.0,1.0,3.53,3.42,1.41,94.5,97.7,2.01,0.0,0.51
129,130.0,김태원,1964-01-28,MBC Blue Dragons,1986,33.0,1.0,0.0,12.0,2.0,6.0,3.0,0.0,107.0,35.0,34.0,438.0,87.0,0.0,0.0,8.0,41.0,1.0,1.0,50.0,0.0,2.0,2.86,3.26,1.2,103.7,90.9,1.98,0.0,0.5
130,131.0,박정후,1959-12-22,Samsung Lions,1984,31.0,2.0,0.0,22.0,5.0,11.0,0.0,0.0,139.0,58.0,54.0,586.0,129.0,0.0,0.0,9.0,70.0,1.0,11.0,60.0,3.0,6.0,3.5,3.85,1.43,96.0,87.2,1.96,0.0,0.5
131,132.0,배경환,1956-07-08,Lotte Giants,1984,35.0,2.0,0.0,15.0,6.0,5.0,2.0,0.0,121.2,57.0,47.0,516.0,134.0,0.0,0.0,10.0,28.0,0.0,5.0,59.0,0.0,2.0,3.48,3.05,1.33,93.6,106.6,1.95,0.0,0.48
132,133.0,김신부,1963-07-06,Pacific Dolphins,1988,29.0,2.0,1.0,17.0,9.0,8.0,1.0,0.0,123.1,63.0,53.0,526.0,126.0,0.0,0.0,8.0,29.0,5.0,16.0,38.0,1.0,0.0,3.87,3.78,1.26,99.0,101.4,1.9,0.0,0.48
133,134.0,조도연,1961-08-06,Haitai Tigers,1984,35.0,3.0,0.0,12.0,4.0,6.0,2.0,0.0,129.1,61.0,48.0,547.0,122.0,0.0,0.0,11.0,44.0,1.0,3.0,63.0,0.0,9.0,3.34,3.34,1.28,98.7,98.7,1.88,0.0,0.48
134,135.0,장호연,1960-05-05,OB Bears,1988,36.0,3.0,1.0,21.0,8.0,12.0,1.0,0.0,146.0,76.0,64.0,629.0,163.0,0.0,0.0,12.0,44.0,3.0,6.0,46.0,0.0,3.0,3.95,3.98,1.42,95.3,94.4,1.87,0.0,0.48
135,136.0,김정행,1952-05-15,Lotte Giants,1987,17.0,5.0,2.0,17.0,6.0,5.0,0.0,0.0,102.0,45.0,41.0,426.0,95.0,0.0,0.0,3.0,41.0,0.0,1.0,46.0,0.0,2.0,3.62,3.18,1.33,97.7,111.0,1.86,0.0,
136,137.0,김신부,1963-07-06,Chungbo Pintos,1987,27.0,4.0,1.0,16.0,6.0,11.0,1.0,0.0,113.2,54.0,51.0,500.0,132.0,0.0,0.0,4.0,32.0,5.0,13.0,33.0,1.0,1.0,4.04,3.4,1.44,88.9,105.6,1.86,0.0,0.47
137,138.0,황규봉,1953-04-24,Samsung Lions,1983,30.0,5.0,1.0,14.0,6.0,4.0,3.0,0.0,130.0,66.0,53.0,548.0,136.0,0.0,0.0,10.0,36.0,4.0,10.0,45.0,0.0,4.0,3.67,3.33,1.32,91.2,100.3,1.84,0.0,0.47
138,139.0,하기룡,1955-05-08,MBC Blue Dragons,1985,26.0,4.0,0.0,12.0,5.0,10.0,2.0,0.0,111.0,46.0,36.0,468.0,103.0,0.0,0.0,3.0,53.0,2.0,4.0,31.0,0.0,3.0,2.92,3.5,1.41,114.4,95.5,1.83,0.0,0.46
139,140.0,이동석,1964-01-11,Binggre Eagles,1988,17.0,2.0,1.0,10.0,7.0,3.0,2.0,0.0,76.0,34.0,31.0,311.0,72.0,0.0,0.0,3.0,20.0,2.0,4.0,27.0,2.0,0.0,3.67,3.25,1.21,106.9,120.8,1.81,0.0,0.46
140,141.0,김정수,1962-07-24,Haitai Tigers,1986,41.0,2.0,0.0,13.0,9.0,6.0,5.0,0.0,125.2,53.0,37.0,547.0,93.0,0.0,0.0,5.0,89.0,1.0,4.0,92.0,0.0,3.0,2.65,3.33,1.45,115.2,91.8,1.79,0.0,0.46
141,142.0,강만식,1957-02-15,Haitai Tigers,1984,28.0,3.0,0.0,19.0,11.0,4.0,0.0,0.0,129.2,58.0,47.0,540.0,124.0,0.0,0.0,14.0,36.0,2.0,7.0,60.0,0.0,1.0,3.26,3.57,1.23,101.0,92.4,1.77,0.0,0.45
142,143.0,정은배,1962-10-19,Samsung Lions,1985,29.0,5.0,1.0,17.0,7.0,9.0,2.0,0.0,141.0,66.0,57.0,607.0,142.0,0.0,0.0,14.0,60.0,3.0,8.0,46.0,2.0,4.0,3.64,4.24,1.43,100.1,85.9,1.76,0.0,0.45
143,144.0,윤학길,1961-07-04,Lotte Giants,1986,25.0,0.0,0.0,3.0,1.0,2.0,2.0,0.0,88.0,34.0,27.0,366.0,91.0,0.0,0.0,6.0,22.0,0.0,0.0,40.0,1.0,3.0,2.76,2.8,1.28,107.7,106.1,1.76,0.0,0.45
144,145.0,김용수,1960-05-02,MBC Blue Dragons,1988,34.0,1.0,0.0,3.0,3.0,5.0,11.0,0.0,98.2,51.0,49.0,438.0,118.0,0.0,0.0,5.0,31.0,1.0,3.0,51.0,0.0,0.0,4.47,3.21,1.51,83.9,116.9,1.75,0.0,0.44
145,146.0,황기선,1958-06-02,Haitai Tigers,1983,19.0,0.0,0.0,3.0,4.0,4.0,1.0,0.0,66.1,27.0,17.0,265.0,50.0,0.0,0.0,3.0,14.0,1.0,7.0,34.0,1.0,2.0,2.31,2.53,0.97,141.1,128.9,1.74,0.0,0.44
146,147.0,이광권,1954-06-28,MBC Blue Dragons,1983,22.0,3.0,0.0,20.0,7.0,5.0,0.0,0.0,100.1,37.0,28.0,411.0,96.0,0.0,0.0,7.0,31.0,1.0,4.0,35.0,1.0,1.0,2.51,3.28,1.27,123.1,94.2,1.74,0.0,0.44
147,148.0,임호균,1956-03-26,Lotte Giants,1985,27.0,3.0,1.0,25.0,10.0,10.0,0.0,0.0,145.0,63.0,52.0,617.0,136.0,0.0,0.0,8.0,77.0,0.0,0.0,43.0,0.0,3.0,3.23,3.93,1.47,105.7,86.7,1.73,0.0,0.43
148,149.0,한오종,1961-06-16,OB Bears,1988,26.0,2.0,1.0,19.0,4.0,4.0,0.0,0.0,115.2,54.0,49.0,496.0,108.0,0.0,0.0,9.0,57.0,1.0,3.0,60.0,1.0,2.0,3.81,4.08,1.43,98.7,92.1,1.73,0.0,0.42
149,150.0,김정행,1952-05-15,Lotte Giants,1986,20.0,6.0,2.0,18.0,7.0,7.0,0.0,0.0,118.0,40.0,38.0,499.0,94.0,0.0,0.0,5.0,61.0,0.0,7.0,51.0,0.0,2.0,2.9,3.49,1.31,102.6,85.2,1.73,0.0,0.42
150,151.0,주동식,1948-08-23,Haitai Tigers,1983,30.0,3.0,2.0,21.0,7.0,7.0,3.0,0.0,134.1,60.0,50.0,599.0,133.0,0.0,0.0,14.0,38.0,0.0,9.0,56.0,0.0,1.0,3.35,3.63,1.27,97.1,89.7,1.7,0.0,0.42
151,152.0,유종겸,1956-09-14,MBC Blue Dragons,1987,18.0,2.0,0.0,14.0,7.0,5.0,0.0,0.0,88.1,31.0,22.0,377.0,80.0,0.0,0.0,3.0,40.0,1.0,6.0,35.0,0.0,0.0,2.24,3.65,1.36,153.7,94.5,1.69,0.0,0.41
152,153.0,김진욱,1960-08-05,OB Bears,1984,25.0,5.0,1.0,19.0,6.0,11.0,2.0,0.0,118.0,53.0,40.0,508.0,107.0,0.0,0.0,5.0,58.0,4.0,10.0,43.0,1.0,3.0,3.05,3.59,1.4,110.1,93.5,1.68,0.0,0.41
153,154.0,천창호,1954-02-13,Binggre Eagles,1987,25.0,2.0,0.0,7.0,4.0,7.0,0.0,0.0,97.1,40.0,38.0,414.0,105.0,0.0,0.0,9.0,32.0,2.0,1.0,26.0,0.0,0.0,3.51,4.09,1.41,104.2,89.5,1.67,0.0,0.41
154,155.0,장호연,1960-05-05,OB Bears,1985,29.0,5.0,0.0,15.0,7.0,4.0,1.0,0.0,128.2,61.0,50.0,531.0,110.0,0.0,0.0,9.0,63.0,0.0,4.0,46.0,0.0,1.0,3.5,3.97,1.35,101.9,89.7,1.67,0.0,0.41
155,156.0,진동한,1961-06-04,Samsung Lions,1986,24.0,2.0,0.0,10.0,9.0,4.0,4.0,0.0,109.1,42.0,35.0,457.0,99.0,0.0,0.0,8.0,41.0,2.0,3.0,37.0,2.0,1.0,2.88,3.5,1.28,107.3,88.3,1.66,0.0,0.4
156,157.0,황태환,1952-08-06,OB Bears,1986,28.0,0.0,0.0,1.0,3.0,3.0,3.0,0.0,73.1,23.0,20.0,300.0,69.0,0.0,0.0,7.0,21.0,1.0,1.0,36.0,0.0,1.0,2.45,3.19,1.23,121.1,93.1,1.64,0.0,0.4
157,158.0,진동한,1961-06-04,Samsung Lions,1985,24.0,1.0,0.0,9.0,4.0,2.0,0.0,0.0,81.2,36.0,27.0,339.0,74.0,0.0,0.0,3.0,28.0,1.0,3.0,24.0,0.0,2.0,2.98,3.21,1.25,119.3,110.7,1.63,0.0,0.4
158,159.0,최계훈,1961-06-06,Samsung Lions,1985,20.0,9.0,1.0,14.0,6.0,6.0,0.0,0.0,118.1,51.0,47.0,505.0,106.0,0.0,0.0,13.0,55.0,0.0,6.0,54.0,1.0,1.0,3.57,4.28,1.36,101.9,85.1,1.62,0.0,0.39
159,160.0,안창완,1961-12-05,Lotte Giants,1984,27.0,0.0,0.0,7.0,3.0,3.0,0.0,0.0,70.0,20.0,13.0,297.0,72.0,0.0,0.0,6.0,28.0,0.0,3.0,39.0,1.0,2.0,1.67,3.47,1.43,194.7,93.8,1.61,0.0,0.39
160,161.0,손문곤,1965-01-29,Binggre Eagles,1986,28.0,3.0,1.0,12.0,2.0,5.0,0.0,0.0,117.0,51.0,44.0,495.0,118.0,0.0,0.0,6.0,47.0,0.0,3.0,36.0,0.0,3.0,3.38,3.41,1.41,92.7,92.1,1.59,0.0,0.38
161,162.0,양상문,1961-03-24,Lotte Giants,1985,33.0,1.0,1.0,6.0,6.0,3.0,4.0,0.0,101.0,57.0,43.0,446.0,120.0,0.0,0.0,7.0,25.0,0.0,5.0,58.0,0.0,2.0,3.83,2.86,1.44,89.0,119.2,1.58,0.0,0.38
162,163.0,김정행,1952-05-15,Lotte Giants,1988,15.0,4.0,2.0,15.0,8.0,4.0,0.0,0.0,94.0,43.0,38.0,400.0,82.0,0.0,0.0,3.0,50.0,0.0,3.0,29.0,0.0,2.0,3.64,4.07,1.4,105.3,94.2,1.55,0.0,
163,164.0,노상수,1958-05-05,Lotte Giants,1983,42.0,4.0,1.0,22.0,8.0,11.0,3.0,0.0,169.2,94.0,78.0,733.0,179.0,0.0,0.0,17.0,52.0,6.0,12.0,69.0,2.0,1.0,4.14,3.57,1.36,79.7,92.4,1.54,0.0,0.38
164,165.0,이길환,1959-07-15,MBC Blue Dragons,1988,24.0,3.0,1.0,15.0,10.0,4.0,0.0,0.0,122.1,61.0,48.0,517.0,131.0,0.0,0.0,11.0,32.0,1.0,5.0,28.0,0.0,0.0,3.53,4.17,1.33,106.2,89.9,1.53,0.0,0.38
165,166.0,이상윤,1960-12-21,Haitai Tigers,1986,21.0,3.0,1.0,18.0,10.0,5.0,0.0,0.0,115.0,45.0,38.0,478.0,91.0,0.0,0.0,7.0,51.0,1.0,3.0,47.0,1.0,1.0,2.97,3.43,1.24,102.6,88.9,1.5,0.0,0.37
166,167.0,윤석환,1961-07-07,OB Bears,1987,25.0,3.0,2.0,13.0,7.0,8.0,2.0,0.0,105.0,50.0,46.0,457.0,124.0,0.0,0.0,5.0,38.0,1.0,2.0,41.0,0.0,1.0,3.94,3.42,1.54,87.2,100.5,1.5,0.0,0.37
167,168.0,배경환,1956-07-08,Chungbo Pintos,1987,26.0,5.0,0.0,11.0,4.0,7.0,2.0,0.0,104.2,54.0,43.0,449.0,118.0,0.0,0.0,7.0,28.0,4.0,1.0,30.0,0.0,2.0,3.7,3.48,1.4,97.1,103.2,1.49,0.0,0.36
168,169.0,박철순,1956-03-12,OB Bears,1985,9.0,2.0,0.0,5.0,1.0,4.0,0.0,0.0,50.1,19.0,15.0,193.0,36.0,0.0,0.0,2.0,14.0,0.0,2.0,34.0,0.0,1.0,2.68,2.34,0.99,132.9,152.6,1.46,0.0,0.35
169,170.0,문희수,1965-03-15,Haitai Tigers,1986,15.0,0.0,0.0,11.0,7.0,2.0,0.0,0.0,75.0,27.0,25.0,299.0,66.0,0.0,0.0,2.0,24.0,0.0,3.0,22.0,0.0,0.0,3.0,2.92,1.2,101.7,104.7,1.46,0.0,0.35
170,171.0,김대현,1962-06-16,Haitai Tigers,1988,31.0,3.0,0.0,19.0,7.0,6.0,2.0,0.0,136.2,72.0,69.0,585.0,136.0,0.0,0.0,15.0,44.0,0.0,8.0,47.0,0.0,2.0,4.54,4.46,1.32,84.3,85.9,1.44,0.0,0.34
171,172.0,성준,1962-09-25,Samsung Lions,1987,21.0,4.0,2.0,14.0,4.0,7.0,1.0,0.0,109.0,44.0,43.0,459.0,111.0,0.0,0.0,11.0,47.0,5.0,1.0,32.0,0.0,1.0,3.55,4.38,1.45,100.5,81.6,1.44,0.0,0.34
172,173.0,방수원,1960-01-04,Haitai Tigers,1986,29.0,0.0,0.0,1.0,2.0,4.0,5.0,0.0,63.0,26.0,20.0,264.0,66.0,0.0,0.0,3.0,17.0,0.0,3.0,34.0,1.0,0.0,2.86,2.57,1.32,106.8,118.9,1.43,0.0,0.34
173,174.0,김정수,1962-07-24,Haitai Tigers,1988,11.0,0.0,0.0,9.0,3.0,2.0,0.0,0.0,54.1,19.0,15.0,227.0,45.0,0.0,0.0,2.0,23.0,0.0,1.0,23.0,0.0,0.0,2.48,3.54,1.25,154.1,108.3,1.42,0.0,0.33
174,175.0,최계훈,1961-06-06,Chungbo Pintos,1986,32.0,6.0,1.0,18.0,6.0,14.0,2.0,0.0,159.1,79.0,65.0,688.0,164.0,0.0,0.0,12.0,67.0,3.0,5.0,62.0,0.0,3.0,3.67,3.58,1.45,85.8,88.1,1.39,0.0,0.33
175,176.0,이상구,1963-02-27,Pacific Dolphins,1988,31.0,0.0,0.0,3.0,4.0,6.0,1.0,0.0,87.0,53.0,49.0,355.0,77.0,0.0,0.0,3.0,32.0,1.0,1.0,49.0,1.0,5.0,5.07,3.0,1.25,75.6,127.5,1.33,0.0,0.33
176,177.0,오영일,1960-02-06,MBC Blue Dragons,1986,33.0,0.0,0.0,21.0,12.0,8.0,0.0,0.0,132.0,54.0,44.0,569.0,136.0,0.0,0.0,9.0,55.0,2.0,4.0,43.0,1.0,0.0,3.0,3.61,1.45,98.8,82.2,1.32,0.0,0.33
177,178.0,박상열,1955-08-05,OB Bears,1985,22.0,2.0,0.0,19.0,3.0,6.0,0.0,0.0,109.0,55.0,50.0,462.0,109.0,0.0,0.0,6.0,41.0,0.0,5.0,25.0,1.0,1.0,4.13,3.74,1.38,86.4,95.3,1.3,0.0,0.33
178,179.0,천창호,1954-02-13,Lotte Giants,1983,27.0,0.0,0.0,1.0,7.0,3.0,0.0,0.0,81.2,39.0,31.0,349.0,91.0,0.0,0.0,12.0,12.0,1.0,6.0,38.0,0.0,0.0,3.42,3.66,1.26,96.6,90.1,1.29,0.0,0.32
179,180.0,노상수,1958-05-05,Lotte Giants,1988,28.0,2.0,0.0,14.0,4.0,5.0,5.0,0.0,104.2,60.0,55.0,441.0,106.0,0.0,0.0,9.0,27.0,0.0,4.0,41.0,0.0,0.0,4.73,3.8,1.27,81.0,100.7,1.27,0.0,0.32
180,181.0,이문한,1961-07-03,Lotte Giants,1988,16.0,1.0,0.0,4.0,3.0,1.0,1.0,0.0,57.0,19.0,17.0,223.0,40.0,0.0,0.0,5.0,17.0,1.0,2.0,26.0,0.0,1.0,2.68,3.75,1.0,142.7,102.0,1.27,0.0,0.31
181,182.0,김봉근,1961-03-13,MBC Blue Dragons,1985,21.0,4.0,0.0,12.0,2.0,7.0,0.0,0.0,113.1,47.0,42.0,461.0,110.0,0.0,0.0,16.0,27.0,1.0,5.0,37.0,1.0,0.0,3.34,4.22,1.21,100.1,79.1,1.24,0.0,0.31
182,183.0,문병권,1965-04-04,MBC Blue Dragons,1988,19.0,2.0,1.0,8.0,1.0,3.0,0.0,0.0,65.1,29.0,27.0,274.0,66.0,0.0,0.0,4.0,21.0,2.0,4.0,26.0,1.0,2.0,3.72,3.64,1.33,100.8,103.2,1.21,0.0,0.31
183,184.0,김정수,1960-10-13,MBC Blue Dragons,1985,15.0,2.0,0.0,9.0,2.0,3.0,0.0,0.0,60.0,22.0,18.0,258.0,50.0,0.0,0.0,0.0,38.0,1.0,2.0,25.0,1.0,4.0,2.7,3.33,1.47,123.7,100.2,1.18,0.0,0.31
184,185.0,황기선,1958-06-02,Haitai Tigers,1984,38.0,2.0,0.0,6.0,4.0,7.0,1.0,0.0,124.1,70.0,52.0,536.0,110.0,0.0,0.0,10.0,55.0,5.0,9.0,65.0,0.0,5.0,3.76,3.57,1.33,87.6,92.5,1.17,0.0,0.31
185,186.0,권영호,1954-01-23,Samsung Lions,1988,29.0,1.0,1.0,4.0,7.0,5.0,7.0,0.0,72.1,32.0,30.0,308.0,61.0,0.0,0.0,5.0,40.0,6.0,1.0,24.0,0.0,1.0,3.73,4.27,1.4,103.3,90.4,1.15,0.0,0.31
186,187.0,김용남,1958-02-26,Binggre Eagles,1987,16.0,4.0,0.0,12.0,4.0,5.0,0.0,0.0,87.2,48.0,46.0,383.0,111.0,0.0,0.0,8.0,19.0,0.0,2.0,37.0,0.0,0.0,4.72,3.53,1.48,77.5,103.8,1.09,0.0,0.3
187,188.0,조병천,1960-05-25,Chungbo Pintos,1986,30.0,0.0,0.0,9.0,1.0,6.0,0.0,0.0,94.2,53.0,49.0,407.0,99.0,0.0,0.0,5.0,37.0,0.0,0.0,48.0,2.0,3.0,4.66,2.92,1.44,67.6,107.9,1.08,0.0,0.3
188,189.0,양상문,1961-03-24,Lotte Giants,1986,21.0,0.0,0.0,4.0,1.0,2.0,0.0,0.0,37.1,8.0,8.0,145.0,27.0,0.0,0.0,2.0,9.0,0.0,5.0,21.0,0.0,2.0,1.93,2.77,0.96,154.2,107.3,1.07,0.0,0.3
189,190.0,김연철,1958-03-20,Binggre Eagles,1986,18.0,4.0,0.0,7.0,4.0,4.0,0.0,0.0,88.0,40.0,32.0,350.0,91.0,0.0,0.0,7.0,19.0,0.0,2.0,14.0,0.0,0.0,3.27,3.51,1.25,95.9,89.5,1.06,0.0,0.3
190,191.0,안창완,1961-12-05,Lotte Giants,1988,29.0,0.0,0.0,3.0,1.0,3.0,2.0,0.0,62.1,31.0,30.0,259.0,56.0,0.0,0.0,3.0,26.0,0.0,0.0,26.0,1.0,0.0,4.33,3.62,1.32,88.4,105.8,1.05,0.0,0.3
191,192.0,오명록,1962-04-06,Lotte Giants,1988,19.0,2.0,1.0,14.0,6.0,7.0,1.0,0.0,90.0,49.0,37.0,384.0,85.0,0.0,0.0,8.0,40.0,0.0,1.0,43.0,2.0,3.0,3.7,4.15,1.39,103.5,92.4,1.04,0.0,0.3
192,193.0,오영일,1960-02-06,MBC Blue Dragons,1987,30.0,2.0,0.0,23.0,9.0,8.0,0.0,0.0,143.1,75.0,68.0,621.0,155.0,0.0,0.0,10.0,51.0,0.0,7.0,41.0,0.0,2.0,4.27,4.02,1.44,80.7,85.8,1.03,0.0,0.29
193,194.0,유종겸,1956-09-14,MBC Blue Dragons,1988,23.0,6.0,1.0,13.0,4.0,7.0,1.0,0.0,109.0,58.0,50.0,484.0,102.0,0.0,0.0,7.0,65.0,1.0,3.0,45.0,0.0,2.0,4.13,4.43,1.53,90.8,84.6,1.03,0.0,0.29
194,195.0,정성만,1955-10-10,Samsung Lions,1985,37.0,11.0,1.0,23.0,7.0,14.0,3.0,0.0,172.2,103.0,96.0,767.0,207.0,0.0,0.0,19.0,64.0,0.0,7.0,55.0,2.0,4.0,5.0,4.24,1.57,72.8,85.8,1.02,0.0,0.29
195,196.0,오명록,1962-04-06,Lotte Giants,1986,23.0,0.0,0.0,8.0,4.0,4.0,0.0,0.0,71.1,36.0,31.0,308.0,70.0,0.0,0.0,3.0,28.0,0.0,4.0,52.0,1.0,2.0,3.91,2.51,1.37,76.1,118.5,1.01,0.0,0.28
196,197.0,김봉근,1961-03-13,Chungbo Pintos,1986,11.0,1.0,1.0,9.0,2.0,4.0,0.0,0.0,51.0,18.0,16.0,205.0,42.0,0.0,0.0,2.0,16.0,0.0,2.0,15.0,1.0,0.0,2.82,3.06,1.14,111.6,103.1,1.0,0.0,0.28
197,198.0,방수원,1960-01-04,Haitai Tigers,1987,23.0,0.0,0.0,0.0,3.0,2.0,3.0,0.0,65.2,39.0,31.0,279.0,71.0,0.0,0.0,2.0,20.0,0.0,3.0,29.0,0.0,0.0,4.25,3.03,1.39,82.1,115.1,0.98,0.0,0.28
198,199.0,양일환,1961-06-10,Samsung Lions,1986,22.0,3.0,1.0,12.0,6.0,3.0,1.0,0.0,96.2,44.0,40.0,409.0,80.0,0.0,0.0,5.0,47.0,3.0,6.0,33.0,0.0,2.0,3.72,3.62,1.31,83.0,85.5,0.95,0.0,0.27
199,200.0,김재현,1959-03-03,Samsung Lions,1983,12.0,0.0,0.0,3.0,2.0,1.0,0.0,0.0,49.0,24.0,18.0,201.0,47.0,0.0,0.0,1.0,14.0,1.0,2.0,11.0,0.0,0.0,3.31,2.79,1.25,101.4,120.1,0.93,0.0,0.27
200,201.0,황태환,1952-08-06,OB Bears,1984,17.0,0.0,0.0,3.0,0.0,2.0,0.0,0.0,40.0,12.0,11.0,159.0,36.0,0.0,0.0,3.0,15.0,0.0,2.0,19.0,0.0,0.0,2.48,3.44,1.28,135.7,97.6,0.92,0.0,0.26
201,202.0,장명부,1950-12-27,Samsung Lions,1985,45.0,10.0,0.0,35.0,11.0,25.0,5.0,0.0,246.0,175.0,145.0,1117.0,304.0,0.0,0.0,22.0,100.0,7.0,12.0,128.0,0.0,5.0,5.3,3.62,1.64,68.7,100.6,0.91,0.0,0.26
202,203.0,계형철,1953-04-03,OB Bears,1986,22.0,3.0,1.0,21.0,5.0,7.0,0.0,0.0,111.0,48.0,39.0,452.0,94.0,0.0,0.0,8.0,50.0,0.0,2.0,47.0,0.0,3.0,3.16,3.57,1.3,94.0,83.2,0.91,0.0,0.25
203,204.0,김성한,1958-05-18,Haitai Tigers,1985,10.0,1.0,0.0,2.0,4.0,3.0,1.0,0.0,40.1,18.0,15.0,170.0,35.0,0.0,0.0,1.0,18.0,4.0,1.0,12.0,0.0,1.0,3.35,3.06,1.31,104.3,114.1,0.9,0.0,0.25
204,205.0,하기룡,1955-05-08,MBC Blue Dragons,1986,29.0,0.0,0.0,13.0,6.0,1.0,0.0,0.0,100.2,50.0,46.0,431.0,114.0,0.0,0.0,5.0,31.0,4.0,5.0,24.0,0.0,2.0,4.11,3.2,1.44,72.1,92.7,0.9,0.0,0.25
205,206.0,선우대영,1957-09-12,OB Bears,1983,17.0,5.0,1.0,12.0,4.0,6.0,1.0,0.0,96.2,45.0,42.0,408.0,97.0,0.0,0.0,13.0,28.0,0.0,6.0,38.0,1.0,1.0,3.91,4.08,1.29,83.7,80.3,0.89,0.0,0.25
206,207.0,김봉근,1961-03-13,Chungbo Pintos,1987,27.0,5.0,0.0,17.0,4.0,11.0,2.0,0.0,135.0,82.0,73.0,590.0,163.0,0.0,0.0,12.0,37.0,4.0,4.0,41.0,1.0,1.0,4.87,3.84,1.48,73.8,93.6,0.89,0.0,0.25
207,208.0,김대중,1963-03-16,Binggre Eagles,1987,13.0,3.0,0.0,9.0,2.0,6.0,0.0,0.0,75.2,39.0,35.0,317.0,63.0,0.0,0.0,6.0,27.0,1.0,6.0,31.0,2.0,4.0,4.16,3.95,1.19,88.0,92.7,0.87,0.0,0.25
208,209.0,장태수,1964-03-15,Samsung Lions,1987,26.0,0.0,0.0,4.0,1.0,1.0,2.0,0.0,63.2,34.0,33.0,280.0,75.0,0.0,0.0,2.0,26.0,0.0,2.0,16.0,1.0,1.0,4.66,3.69,1.59,76.5,96.7,0.85,0.0,0.24
209,210.0,이상훈,1963-10-22,OB Bears,1988,27.0,1.0,1.0,7.0,2.0,2.0,0.0,0.0,84.0,45.0,42.0,352.0,76.0,0.0,0.0,8.0,34.0,0.0,2.0,29.0,0.0,1.0,4.5,4.41,1.31,83.6,85.3,0.84,0.0,0.24
210,211.0,조병천,1960-05-25,Chungbo Pintos,1987,19.0,4.0,0.0,6.0,4.0,4.0,0.0,0.0,78.1,45.0,41.0,326.0,85.0,0.0,0.0,9.0,16.0,0.0,3.0,38.0,0.0,2.0,4.71,3.72,1.29,76.2,96.6,0.83,0.0,0.24
211,212.0,신태순,1962-02-13,Haitai Tigers,1985,21.0,0.0,0.0,3.0,0.0,6.0,0.0,0.0,71.2,39.0,29.0,316.0,77.0,0.0,0.0,6.0,29.0,1.0,5.0,25.0,0.0,2.0,3.64,3.99,1.48,95.9,87.5,0.81,0.0,0.24
212,213.0,노상수,1958-05-05,Lotte Giants,1987,13.0,3.0,1.0,8.0,4.0,2.0,0.0,0.0,66.0,32.0,31.0,277.0,70.0,0.0,0.0,5.0,20.0,0.0,5.0,25.0,0.0,1.0,4.23,3.83,1.36,83.6,92.2,0.81,0.0,0.24
213,214.0,박철순,1956-03-12,OB Bears,1986,13.0,1.0,1.0,7.0,5.0,3.0,0.0,0.0,53.1,23.0,21.0,220.0,46.0,0.0,0.0,3.0,22.0,0.0,0.0,29.0,0.0,4.0,3.54,2.96,1.28,83.9,100.5,0.76,0.0,0.23
214,215.0,박철순,1956-03-12,OB Bears,1987,5.0,1.0,0.0,3.0,2.0,0.0,1.0,0.0,24.0,7.0,6.0,97.0,17.0,0.0,0.0,0.0,9.0,0.0,0.0,11.0,0.0,0.0,2.25,2.68,1.08,152.8,128.5,0.75,0.0,0.23
215,216.0,방수원,1960-01-04,Haitai Tigers,1984,25.0,1.0,1.0,14.0,1.0,8.0,0.0,0.0,66.0,39.0,28.0,280.0,64.0,0.0,0.0,2.0,20.0,0.0,6.0,30.0,0.0,0.0,3.82,2.81,1.27,86.3,117.4,0.75,0.0,0.23
216,217.0,김재현,1959-03-03,Samsung Lions,1985,12.0,1.0,0.0,5.0,1.0,4.0,0.0,0.0,46.1,23.0,20.0,209.0,57.0,0.0,0.0,4.0,12.0,3.0,3.0,14.0,0.0,1.0,3.88,3.51,1.49,93.8,103.7,0.74,0.0,0.22
217,218.0,서정용,1969-09-05,Lotte Giants,1988,14.0,1.0,0.0,5.0,3.0,3.0,1.0,0.0,47.0,18.0,16.0,203.0,45.0,0.0,0.0,4.0,21.0,1.0,3.0,16.0,0.0,0.0,3.06,4.47,1.4,125.0,85.6,0.74,0.0,0.22
218,219.0,천창호,1954-02-13,Binggre Eagles,1988,17.0,0.0,0.0,0.0,1.0,1.0,1.0,0.0,21.2,6.0,6.0,80.0,16.0,0.0,0.0,2.0,2.0,0.0,0.0,18.0,0.0,0.0,2.49,2.39,0.83,157.5,164.0,0.74,0.0,0.21
219,220.0,이광권,1954-06-28,MBC Blue Dragons,1984,13.0,1.0,0.0,7.0,1.0,3.0,0.0,0.0,50.1,19.0,15.0,212.0,53.0,0.0,0.0,2.0,22.0,0.0,2.0,14.0,0.0,0.0,2.68,3.53,1.49,115.2,87.5,0.73,0.0,0.21
220,221.0,진동한,1961-06-04,Samsung Lions,1988,18.0,1.0,1.0,9.0,2.0,3.0,1.0,0.0,54.1,28.0,28.0,238.0,63.0,0.0,0.0,2.0,22.0,1.0,1.0,10.0,0.0,1.0,4.64,3.9,1.56,83.1,98.8,0.73,0.0,0.21
221,222.0,예병준,1962-03-12,MBC Blue Dragons,1988,12.0,2.0,0.0,6.0,1.0,6.0,0.0,0.0,50.1,23.0,22.0,229.0,59.0,0.0,0.0,2.0,25.0,3.0,4.0,14.0,0.0,1.0,3.93,4.09,1.67,95.3,91.7,0.71,0.0,0.21
222,223.0,이문한,1961-07-03,Lotte Giants,1987,13.0,1.0,0.0,5.0,1.0,0.0,0.0,0.0,36.0,11.0,11.0,152.0,25.0,0.0,0.0,2.0,24.0,1.0,0.0,16.0,0.0,0.0,2.75,4.22,1.36,128.5,83.8,0.71,0.0,0.2
223,224.0,이선희,1955-02-14,Samsung Lions,1983,29.0,3.0,1.0,19.0,5.0,13.0,0.0,0.0,127.0,66.0,53.0,548.0,122.0,0.0,0.0,17.0,59.0,1.0,7.0,56.0,0.0,3.0,3.76,4.45,1.43,89.1,75.2,0.71,0.0,0.2
224,225.0,정선두,1959-06-06,OB Bears,1983,15.0,1.0,1.0,4.0,3.0,1.0,0.0,0.0,52.0,19.0,15.0,215.0,47.0,0.0,0.0,6.0,20.0,0.0,2.0,9.0,0.0,1.0,2.6,4.48,1.29,126.1,73.1,0.7,0.0,0.2
225,226.0,김성길,1956-05-22,Samsung Lions,1987,11.0,1.0,0.0,1.0,0.0,1.0,3.0,0.0,31.0,13.0,11.0,133.0,31.0,0.0,0.0,2.0,7.0,0.0,2.0,13.0,0.0,0.0,3.19,3.34,1.23,111.8,106.9,0.69,0.0,0.2
226,227.0,이진우,1956-03-18,Lotte Giants,1986,16.0,1.0,0.0,6.0,1.0,0.0,0.0,0.0,40.0,14.0,9.0,177.0,40.0,0.0,0.0,1.0,21.0,0.0,0.0,17.0,0.0,1.0,2.03,3.13,1.53,146.9,95.2,0.68,0.0,0.2
227,228.0,안창완,1961-12-05,Lotte Giants,1987,20.0,0.0,0.0,4.0,1.0,3.0,3.0,0.0,51.1,26.0,24.0,225.0,47.0,0.0,0.0,2.0,34.0,1.0,1.0,29.0,1.0,1.0,4.21,3.83,1.58,84.0,92.2,0.66,0.0,0.19
228,229.0,장호연,1960-05-05,OB Bears,1983,34.0,3.0,1.0,16.0,6.0,17.0,2.0,0.0,155.1,93.0,73.0,681.0,165.0,0.0,0.0,10.0,67.0,5.0,14.0,31.0,1.0,3.0,4.23,3.96,1.49,77.4,82.6,0.65,0.0,0.19
229,230.0,김훈기,1962-07-25,Samsung Lions,1987,24.0,2.0,0.0,6.0,3.0,5.0,3.0,0.0,80.2,42.0,36.0,365.0,82.0,0.0,0.0,5.0,41.0,5.0,7.0,22.0,1.0,0.0,4.02,4.33,1.53,88.9,82.5,0.65,0.0,0.19
230,231.0,김정수,1962-07-24,Haitai Tigers,1987,23.0,2.0,0.0,14.0,6.0,7.0,0.0,0.0,80.1,48.0,39.0,357.0,59.0,0.0,0.0,4.0,57.0,0.0,4.0,78.0,1.0,4.0,4.37,3.45,1.44,79.8,101.1,0.64,0.0,0.19
231,232.0,이길환,1959-07-15,MBC Blue Dragons,1987,20.0,1.0,0.0,9.0,4.0,4.0,0.0,0.0,73.1,41.0,36.0,327.0,86.0,0.0,0.0,3.0,27.0,0.0,4.0,20.0,1.0,0.0,4.42,3.72,1.54,78.0,92.6,0.63,0.0,0.19
232,233.0,이국성,1965-12-28,MBC Blue Dragons,1988,20.0,2.0,0.0,3.0,2.0,1.0,0.0,0.0,55.2,27.0,26.0,242.0,53.0,0.0,0.0,6.0,33.0,1.0,1.0,30.0,1.0,1.0,4.2,4.68,1.55,89.2,80.1,0.61,0.0,0.18
233,234.0,성낙수,1957-08-12,Binggre Eagles,1986,15.0,0.0,0.0,4.0,0.0,4.0,0.0,0.0,42.1,22.0,19.0,175.0,39.0,0.0,0.0,3.0,9.0,0.0,1.0,20.0,0.0,2.0,4.04,2.76,1.13,77.7,113.7,0.6,0.0,0.18
234,235.0,김진욱,1960-08-05,OB Bears,1986,28.0,1.0,0.0,7.0,4.0,6.0,3.0,0.0,81.2,43.0,37.0,357.0,81.0,0.0,0.0,4.0,41.0,1.0,3.0,41.0,0.0,2.0,4.08,3.29,1.49,72.9,90.4,0.59,0.0,0.18
235,236.0,임호균,1956-03-26,Lotte Giants,1986,19.0,2.0,0.0,16.0,3.0,8.0,0.0,0.0,89.1,40.0,33.0,395.0,95.0,0.0,0.0,4.0,46.0,1.0,4.0,27.0,0.0,4.0,3.32,3.7,1.58,89.5,80.4,0.58,0.0,0.18
236,237.0,하기룡,1955-05-08,MBC Blue Dragons,1987,15.0,0.0,0.0,6.0,1.0,3.0,0.0,0.0,57.0,26.0,26.0,249.0,61.0,0.0,0.0,6.0,17.0,3.0,6.0,16.0,0.0,0.0,4.11,4.33,1.37,83.9,79.6,0.57,0.0,0.17
237,238.0,김봉근,1961-03-13,Pacific Dolphins,1988,22.0,2.0,0.0,17.0,4.0,11.0,0.0,0.0,93.2,61.0,52.0,404.0,123.0,0.0,0.0,12.0,13.0,0.0,2.0,25.0,0.0,0.0,5.0,4.19,1.45,76.7,91.4,0.57,0.0,0.17
238,239.0,배경환,1956-07-08,Lotte Giants,1986,18.0,1.0,0.0,8.0,3.0,2.0,4.0,0.0,58.0,22.0,18.0,244.0,51.0,0.0,0.0,5.0,24.0,0.0,3.0,18.0,0.0,1.0,2.79,3.97,1.29,106.5,74.9,0.56,0.0,0.17
239,240.0,김용수,1960-05-02,MBC Blue Dragons,1985,6.0,0.0,0.0,0.0,1.0,2.0,2.0,0.0,21.2,9.0,9.0,93.0,22.0,0.0,0.0,2.0,7.0,1.0,0.0,14.0,0.0,1.0,3.74,2.96,1.34,89.3,113.0,0.56,0.0,0.17
240,241.0,정은배,1962-10-19,Chungbo Pintos,1987,22.0,0.0,0.0,5.0,1.0,3.0,3.0,0.0,60.2,40.0,35.0,279.0,87.0,0.0,0.0,4.0,19.0,2.0,1.0,27.0,0.0,0.0,5.19,3.33,1.75,69.1,108.0,0.56,0.0,0.17
241,242.0,김일부,1963-06-20,Pacific Dolphins,1988,23.0,0.0,0.0,7.0,2.0,4.0,2.0,0.0,72.0,38.0,35.0,312.0,70.0,0.0,0.0,10.0,34.0,1.0,7.0,39.0,0.0,1.0,4.38,4.97,1.44,87.5,77.1,0.55,0.0,0.17
242,243.0,김연철,1958-03-20,Binggre Eagles,1987,20.0,2.0,0.0,9.0,1.0,7.0,0.0,0.0,74.1,46.0,41.0,330.0,99.0,0.0,0.0,6.0,19.0,0.0,5.0,19.0,1.0,1.0,4.96,3.97,1.59,73.8,92.1,0.54,0.0,0.17
243,244.0,김대현,1962-06-16,Haitai Tigers,1986,18.0,0.0,0.0,2.0,0.0,2.0,0.0,0.0,53.2,28.0,26.0,231.0,55.0,0.0,0.0,5.0,17.0,1.0,2.0,20.0,2.0,1.0,4.36,3.55,1.34,70.0,86.0,0.54,0.0,0.17
244,245.0,김재현,1959-03-03,Samsung Lions,1984,24.0,0.0,0.0,11.0,3.0,4.0,0.0,0.0,89.2,53.0,43.0,385.0,96.0,0.0,0.0,10.0,31.0,0.0,6.0,43.0,0.0,0.0,4.32,3.87,1.42,77.7,86.7,0.53,0.0,0.16
245,246.0,손문곤,1965-01-29,Binggre Eagles,1988,17.0,0.0,0.0,7.0,2.0,3.0,0.0,0.0,54.0,39.0,34.0,244.0,69.0,0.0,0.0,2.0,17.0,0.0,2.0,20.0,0.0,2.0,5.67,3.38,1.59,69.3,116.3,0.53,0.0,0.16
246,247.0,김재열,1961-04-25,Binggre Eagles,1986,25.0,1.0,0.0,8.0,2.0,8.0,1.0,0.0,89.2,49.0,34.0,393.0,91.0,0.0,0.0,5.0,39.0,0.0,8.0,24.0,0.0,4.0,3.41,3.84,1.45,92.0,81.8,0.51,0.0,0.15
247,248.0,이충우,1958-08-13,Lotte Giants,1987,9.0,0.0,0.0,0.0,0.0,0.0,0.0,0.0,20.2,8.0,7.0,88.0,21.0,0.0,0.0,1.0,4.0,0.0,1.0,9.0,0.0,1.0,3.05,2.95,1.21,115.9,119.7,0.5,0.0,0.15
248,249.0,윤석환,1961-07-07,OB Bears,1986,18.0,0.0,0.0,10.0,2.0,4.0,0.0,0.0,63.1,28.0,22.0,281.0,66.0,0.0,0.0,3.0,30.0,0.0,1.0,13.0,0.0,1.0,3.13,3.75,1.52,95.1,79.3,0.49,0.0,0.15
249,250.0,정성만,1955-10-10,Samsung Lions,1983,12.0,2.0,0.0,7.0,3.0,5.0,0.0,0.0,61.2,27.0,20.0,253.0,46.0,0.0,0.0,11.0,27.0,0.0,0.0,26.0,0.0,4.0,2.92,4.85,1.18,114.8,69.2,0.44,0.0,0.15
250,251.0,김용남,1958-02-26,Haitai Tigers,1986,13.0,0.0,0.0,2.0,0.0,0.0,2.0,0.0,30.2,19.0,16.0,143.0,45.0,0.0,0.0,2.0,6.0,1.0,0.0,22.0,0.0,0.0,4.7,1.98,1.66,65.0,154.3,0.43,0.0,0.15
251,252.0,송유석,1966-07-16,Haitai Tigers,1988,3.0,0.0,0.0,1.0,1.0,0.0,0.0,0.0,15.1,6.0,6.0,62.0,16.0,0.0,0.0,0.0,6.0,0.0,0.0,5.0,0.0,0.0,3.52,3.1,1.44,108.7,123.5,0.42,0.0,0.15
252,253.0,한용덕,1965-06-02,Binggre Eagles,1988,12.0,0.0,0.0,4.0,2.0,1.0,0.0,0.0,41.1,15.0,14.0,168.0,39.0,0.0,0.0,9.0,21.0,0.0,0.0,16.0,0.0,1.0,3.05,6.16,1.45,128.8,63.7,0.42,0.0,0.15
253,254.0,전용권,1961-04-12,Samsung Lions,1984,13.0,0.0,0.0,1.0,0.0,2.0,1.0,0.0,26.1,13.0,13.0,112.0,26.0,0.0,0.0,0.0,11.0,0.0,2.0,6.0,1.0,1.0,4.44,3.17,1.41,75.0,105.2,0.42,0.0,0.14
254,255.0,박동경,1964-03-03,Samsung Lions,1983,12.0,0.0,0.0,1.0,0.0,1.0,0.0,0.0,22.1,12.0,10.0,94.0,24.0,0.0,0.0,0.0,6.0,0.0,2.0,4.0,1.0,0.0,4.03,2.77,1.34,83.0,120.6,0.41,0.0,0.14
255,256.0,김종석,1964-07-15,Lotte Giants,1988,20.0,0.0,0.0,10.0,0.0,5.0,0.0,0.0,55.0,35.0,29.0,249.0,62.0,0.0,0.0,2.0,29.0,0.0,3.0,23.0,1.0,0.0,4.75,3.96,1.66,80.7,96.7,0.41,0.0,0.14
256,257.0,예병준,1962-03-12,MBC Blue Dragons,1987,15.0,0.0,0.0,5.0,1.0,1.0,0.0,0.0,39.2,23.0,17.0,170.0,46.0,0.0,0.0,2.0,10.0,0.0,1.0,11.0,1.0,1.0,3.86,3.4,1.41,89.3,101.3,0.4,0.0,0.14
257,258.0,김성한,1958-05-18,Haitai Tigers,1983,4.0,1.0,1.0,3.0,1.0,1.0,0.0,0.0,17.1,6.0,4.0,71.0,13.0,0.0,0.0,1.0,5.0,0.0,1.0,8.0,0.0,0.0,2.08,2.92,1.04,156.6,111.3,0.4,0.0,0.14
258,259.0,김종석,1964-07-15,Lotte Giants,1987,13.0,1.0,1.0,7.0,1.0,4.0,0.0,0.0,42.2,22.0,20.0,192.0,48.0,0.0,0.0,3.0,20.0,1.0,2.0,16.0,0.0,3.0,4.22,4.11,1.59,83.8,86.0,0.39,0.0,0.14
259,260.0,김상기,1961-03-03,Samsung Lions,1984,11.0,0.0,0.0,1.0,0.0,0.0,0.0,0.0,22.1,9.0,7.0,94.0,24.0,0.0,0.0,1.0,7.0,0.0,3.0,5.0,0.0,0.0,2.82,3.62,1.39,118.9,92.7,0.39,0.0,0.13
260,261.0,방수원,1960-01-04,Haitai Tigers,1985,10.0,0.0,0.0,2.0,1.0,1.0,0.0,0.0,23.1,9.0,9.0,96.0,16.0,0.0,0.0,2.0,13.0,1.0,1.0,9.0,0.0,0.0,3.47,4.23,1.24,100.6,82.5,0.38,0.0,0.13
261,262.0,전용권,1961-04-12,Samsung Lions,1986,11.0,1.0,1.0,1.0,1.0,0.0,0.0,0.0,28.2,13.0,12.0,117.0,24.0,0.0,0.0,2.0,12.0,1.0,1.0,7.0,0.0,2.0,3.77,3.75,1.26,82.1,82.5,0.38,0.0,0.13
262,263.0,박상열,1955-08-05,OB Bears,1986,17.0,1.0,0.0,7.0,0.0,6.0,1.0,0.0,64.1,31.0,28.0,278.0,66.0,0.0,0.0,3.0,28.0,0.0,6.0,15.0,0.0,1.0,3.92,3.8,1.46,75.9,78.2,0.38,0.0,0.13
263,264.0,박상열,1955-08-05,OB Bears,1987,16.0,0.0,0.0,8.0,3.0,3.0,1.0,0.0,58.2,32.0,25.0,273.0,73.0,0.0,0.0,2.0,26.0,0.0,3.0,15.0,1.0,0.0,3.84,3.88,1.69,89.6,88.6,0.35,0.0,0.13
264,265.0,문희수,1965-03-15,Haitai Tigers,1984,5.0,0.0,0.0,0.0,0.0,0.0,0.0,0.0,12.2,6.0,6.0,55.0,12.0,0.0,0.0,0.0,5.0,0.0,1.0,14.0,0.0,1.0,4.26,1.35,1.34,77.3,243.9,0.33,0.0,0.12
265,266.0,이충우,1958-08-13,Lotte Giants,1985,12.0,0.0,0.0,0.0,0.0,0.0,0.0,0.0,29.1,21.0,17.0,133.0,39.0,0.0,0.0,2.0,8.0,0.0,1.0,13.0,0.0,1.0,5.22,3.14,1.6,65.4,108.7,0.31,0.0,0.12
266,267.0,이길환,1959-07-15,MBC Blue Dragons,1985,8.0,1.0,0.0,7.0,1.0,2.0,0.0,0.0,35.1,16.0,13.0,148.0,28.0,0.0,0.0,2.0,15.0,0.0,3.0,6.0,0.0,2.0,3.31,4.14,1.22,100.9,80.6,0.3,0.0,0.12
267,268.0,양일환,1961-06-10,Samsung Lions,1984,20.0,1.0,0.0,10.0,2.0,5.0,1.0,0.0,64.0,34.0,33.0,272.0,57.0,0.0,0.0,7.0,33.0,6.0,4.0,20.0,0.0,1.0,4.64,4.39,1.41,71.8,75.9,0.28,0.0,0.11
268,269.0,김기태,1952-10-16,Samsung Lions,1987,17.0,5.0,1.0,15.0,7.0,5.0,0.0,0.0,95.0,57.0,50.0,418.0,89.0,0.0,0.0,8.0,48.0,5.0,12.0,46.0,0.0,3.0,4.74,4.33,1.44,75.3,82.4,0.28,0.0,0.11
269,270.0,이진우,1956-03-18,Lotte Giants,1985,34.0,0.0,0.0,6.0,0.0,6.0,3.0,0.0,69.0,40.0,33.0,304.0,70.0,0.0,0.0,8.0,48.0,0.0,3.0,44.0,1.0,5.0,4.3,4.67,1.71,79.2,73.1,0.26,0.0,0.11
270,271.0,박철순,1956-03-12,OB Bears,1983,4.0,0.0,0.0,4.0,0.0,1.0,0.0,0.0,10.1,4.0,4.0,43.0,10.0,0.0,0.0,0.0,4.0,0.0,0.0,4.0,0.0,0.0,3.48,2.44,1.36,94.0,133.9,0.26,0.0,
271,272.0,황태환,1952-08-06,OB Bears,1987,28.0,0.0,0.0,4.0,2.0,3.0,5.0,0.0,65.2,42.0,40.0,280.0,73.0,0.0,0.0,6.0,20.0,1.0,1.0,20.0,2.0,2.0,5.48,3.96,1.42,62.7,86.8,0.26,0.0,0.11
272,273.0,김재열,1961-04-25,Lotte Giants,1984,15.0,0.0,0.0,2.0,1.0,1.0,1.0,0.0,36.0,18.0,16.0,158.0,36.0,0.0,0.0,4.0,17.0,1.0,2.0,14.0,0.0,1.0,4.0,4.31,1.47,81.3,75.5,0.25,0.0,0.11
273,274.0,강만식,1957-02-15,Haitai Tigers,1986,19.0,1.0,0.0,14.0,4.0,6.0,2.0,0.0,72.2,39.0,35.0,331.0,91.0,0.0,0.0,6.0,25.0,2.0,5.0,24.0,0.0,0.0,4.33,3.64,1.6,70.4,83.7,0.23,0.0,0.11
274,275.0,신태중,1955-06-27,Samsung Lions,1985,34.0,1.0,0.0,3.0,3.0,4.0,4.0,0.0,103.2,72.0,55.0,459.0,119.0,0.0,0.0,17.0,42.0,0.0,7.0,48.0,1.0,11.0,4.77,4.84,1.55,76.3,75.3,0.22,0.0,0.11
275,276.0,신태중,1955-06-27,Chungbo Pintos,1986,10.0,0.0,0.0,1.0,0.0,1.0,0.0,0.0,24.2,15.0,13.0,144.0,35.0,0.0,0.0,1.0,10.0,0.0,1.0,7.0,0.0,0.0,4.74,3.37,1.82,66.4,93.4,0.22,0.0,0.1
276,277.0,정선두,1959-06-06,OB Bears,1985,7.0,0.0,0.0,2.0,0.0,1.0,0.0,0.0,9.2,5.0,5.0,39.0,9.0,0.0,0.0,0.0,2.0,0.0,0.0,3.0,0.0,1.0,4.66,2.22,1.14,76.6,160.8,0.22,0.0,0.1
277,278.0,성낙수,1957-08-12,Samsung Lions,1984,6.0,0.0,0.0,1.0,0.0,2.0,0.0,0.0,15.1,10.0,7.0,71.0,21.0,0.0,0.0,0.0,5.0,2.0,1.0,4.0,1.0,1.0,4.11,2.4,1.7,81.1,138.7,0.21,0.0,0.1
278,279.0,지성규,1969-11-15,Binggre Eagles,1988,5.0,0.0,0.0,1.0,0.0,0.0,0.0,0.0,13.2,6.0,6.0,61.0,14.0,0.0,0.0,1.0,8.0,0.0,0.0,4.0,0.0,0.0,3.95,4.7,1.61,99.3,83.5,0.21,0.0,0.09
279,280.0,이상윤,1960-12-21,Haitai Tigers,1987,12.0,0.0,0.0,12.0,2.0,4.0,0.0,0.0,42.0,26.0,23.0,186.0,46.0,0.0,0.0,1.0,19.0,0.0,1.0,13.0,0.0,0.0,4.93,3.59,1.55,70.8,97.2,0.21,0.0,
280,281.0,천창호,1954-02-13,Lotte Giants,1984,18.0,0.0,0.0,6.0,1.0,2.0,1.0,0.0,47.0,31.0,27.0,218.0,58.0,0.0,0.0,3.0,17.0,2.0,6.0,22.0,0.0,0.0,5.17,3.38,1.6,62.9,96.4,0.2,0.0,0.09
281,282.0,감사용,1957-03-23,Samsung Lions,1985,12.0,0.0,0.0,0.0,0.0,1.0,0.0,0.0,30.1,23.0,22.0,141.0,41.0,0.0,0.0,5.0,8.0,0.0,3.0,17.0,0.0,0.0,6.53,4.33,1.62,55.8,84.2,0.2,0.0,0.09
282,283.0,천창호,1954-02-13,Lotte Giants,1985,7.0,0.0,0.0,1.0,1.0,1.0,0.0,0.0,23.0,13.0,12.0,98.0,21.0,0.0,0.0,3.0,7.0,1.0,2.0,10.0,0.0,0.0,4.7,4.09,1.22,72.6,83.5,0.19,0.0,0.09
283,284.0,송진호,1957-08-16,Samsung Lions,1985,7.0,0.0,0.0,1.0,0.0,1.0,0.0,0.0,12.2,8.0,8.0,59.0,20.0,0.0,0.0,0.0,5.0,0.0,1.0,5.0,0.0,0.0,5.68,2.85,1.97,62.5,124.7,0.18,0.0,0.09
284,285.0,성낙수,1957-08-12,Samsung Lions,1983,19.0,0.0,0.0,3.0,3.0,2.0,0.0,0.0,55.0,33.0,30.0,234.0,63.0,0.0,0.0,10.0,13.0,0.0,5.0,21.0,0.0,0.0,4.91,4.64,1.38,68.2,72.1,0.18,0.0,0.09
285,286.0,이선희,1955-02-14,MBC Blue Dragons,1987,14.0,0.0,0.0,7.0,1.0,3.0,0.0,0.0,38.1,23.0,23.0,175.0,38.0,0.0,0.0,1.0,23.0,1.0,7.0,21.0,0.0,3.0,5.4,3.98,1.59,63.8,86.5,0.18,0.0,0.08
286,287.0,임재준,1962-02-07,Binggre Eagles,1988,2.0,0.0,0.0,0.0,0.0,0.0,0.0,0.0,3.2,0.0,0.0,12.0,0.0,0.0,0.0,0.0,0.0,0.0,0.0,2.0,0.0,0.0,0.0,1.49,0.0,0.0,263.9,0.17,0.0,0.08
287,288.0,김응국,1966-01-14,Lotte Giants,1988,8.0,0.0,0.0,1.0,0.0,0.0,0.0,0.0,19.2,11.0,11.0,92.0,24.0,0.0,0.0,1.0,13.0,0.0,2.0,6.0,0.0,0.0,5.03,4.92,1.88,76.1,77.9,0.16,0.0,0.08
288,289.0,강철원,1958-01-27,OB Bears,1985,3.0,0.0,0.0,2.0,0.0,0.0,0.0,0.0,5.1,2.0,2.0,24.0,7.0,0.0,0.0,0.0,1.0,0.0,0.0,2.0,0.0,0.0,3.38,2.03,1.5,105.6,175.7,0.16,0.0,0.08
289,290.0,황규봉,1953-04-24,Samsung Lions,1986,13.0,1.0,0.0,8.0,3.0,5.0,2.0,0.0,50.0,26.0,22.0,208.0,48.0,0.0,0.0,4.0,20.0,0.0,1.0,10.0,0.0,2.0,3.96,3.98,1.36,78.1,77.8,0.16,0.0,0.08
290,291.0,김준희,1960-05-16,Samsung Lions,1986,8.0,0.0,0.0,0.0,0.0,0.0,0.0,0.0,13.2,9.0,9.0,65.0,19.0,0.0,0.0,0.0,6.0,0.0,2.0,7.0,0.0,0.0,5.93,2.81,1.83,52.2,110.1,0.15,0.0,0.07
291,292.0,박상범,1965-07-07,Pacific Dolphins,1988,10.0,2.0,0.0,4.0,1.0,1.0,0.0,0.0,33.0,26.0,26.0,142.0,41.0,0.0,0.0,4.0,5.0,0.0,2.0,20.0,1.0,3.0,7.09,3.58,1.39,54.0,107.0,0.14,0.0,0.07
292,293.0,인호봉,1958-03-04,Samsung Lions,1983,10.0,0.0,0.0,3.0,1.0,2.0,0.0,0.0,38.0,22.0,18.0,159.0,36.0,0.0,0.0,6.0,16.0,0.0,2.0,14.0,0.0,1.0,4.26,4.79,1.37,78.6,69.9,0.14,0.0,0.07
293,294.0,이진우,1956-03-18,Lotte Giants,1983,27.0,0.0,0.0,12.0,4.0,9.0,0.0,0.0,85.2,51.0,47.0,371.0,83.0,0.0,0.0,10.0,41.0,1.0,6.0,33.0,0.0,4.0,4.94,4.42,1.45,66.8,74.7,0.13,0.0,0.07
294,295.0,방수원,1960-01-04,Haitai Tigers,1983,32.0,1.0,0.0,12.0,3.0,5.0,3.0,0.0,94.0,62.0,52.0,434.0,101.0,0.0,0.0,5.0,49.0,0.0,9.0,31.0,0.0,3.0,4.98,3.94,1.6,65.3,82.6,0.13,0.0,0.07
295,296.0,홍성연,1965-07-18,Samsung Lions,1988,13.0,2.0,0.0,5.0,3.0,1.0,0.0,0.0,52.2,42.0,39.0,243.0,71.0,0.0,0.0,2.0,19.0,0.0,3.0,12.0,1.0,3.0,6.66,3.87,1.71,57.9,99.7,0.12,0.0,0.07
296,297.0,정성만,1955-10-10,Samsung Lions,1984,29.0,3.0,0.0,19.0,8.0,10.0,1.0,0.0,150.0,86.0,81.0,666.0,148.0,0.0,0.0,20.0,83.0,3.0,6.0,67.0,1.0,3.0,4.86,4.7,1.54,69.0,71.4,0.12,0.0,0.07
297,298.0,이선희,1955-02-14,Samsung Lions,1984,17.0,0.0,0.0,8.0,2.0,4.0,0.0,0.0,51.2,31.0,26.0,225.0,58.0,0.0,0.0,6.0,23.0,0.0,3.0,23.0,0.0,2.0,4.53,4.27,1.57,73.6,78.0,0.12,0.0,0.07
298,299.0,조도연,1961-08-06,Haitai Tigers,1988,6.0,0.0,0.0,2.0,0.0,1.0,0.0,0.0,9.2,4.0,4.0,41.0,8.0,0.0,0.0,0.0,8.0,0.0,2.0,2.0,0.0,0.0,3.72,5.27,1.66,102.8,72.7,0.11,0.0,0.06
299,300.0,김훈기,1962-07-25,Samsung Lions,1986,3.0,0.0,0.0,1.0,0.0,1.0,0.0,0.0,8.0,4.0,3.0,35.0,9.0,0.0,0.0,0.0,3.0,0.0,0.0,1.0,0.0,0.0,3.38,2.95,1.5,91.6,104.8,0.11,0.0,0.06
300,301.0,장정순,1964-08-01,Binggre Eagles,1988,13.0,0.0,0.0,1.0,1.0,1.0,2.0,0.0,32.1,21.0,18.0,147.0,35.0,0.0,0.0,4.0,15.0,1.0,4.0,16.0,1.0,0.0,5.01,4.87,1.55,78.3,80.6,0.11,0.0,0.06
301,302.0,권기홍,1961-07-12,Samsung Lions,1985,3.0,0.0,0.0,0.0,0.0,0.0,0.0,0.0,3.0,1.0,1.0,14.0,4.0,0.0,0.0,0.0,1.0,0.0,0.0,3.0,0.0,0.0,3.0,1.22,1.67,118.4,291.8,0.11,0.0,0.06
302,303.0,진동한,1961-06-04,Samsung Lions,1984,2.0,0.0,0.0,2.0,0.0,0.0,0.0,0.0,5.0,1.0,1.0,21.0,1.0,0.0,0.0,0.0,5.0,1.0,0.0,0.0,0.0,0.0,1.8,4.54,1.2,185.1,73.4,0.1,0.0,
303,304.0,박동경,1964-03-03,Samsung Lions,1987,8.0,1.0,0.0,4.0,1.0,1.0,0.0,0.0,29.2,17.0,17.0,131.0,32.0,0.0,0.0,2.0,16.0,0.0,1.0,10.0,0.0,2.0,5.16,4.39,1.62,69.2,81.3,0.1,0.0,0.06
304,305.0,황기선,1958-06-02,OB Bears,1986,11.0,0.0,0.0,1.0,0.0,0.0,0.0,0.0,24.1,14.0,12.0,108.0,26.0,0.0,0.0,1.0,15.0,0.0,2.0,6.0,2.0,1.0,4.44,4.21,1.69,67.0,70.5,0.09,0.0,0.06
305,306.0,박석채,1957-08-26,MBC Blue Dragons,1983,5.0,0.0,0.0,2.0,0.0,0.0,0.0,0.0,11.0,4.0,3.0,51.0,12.0,0.0,0.0,1.0,8.0,0.0,0.0,4.0,1.0,1.0,2.45,4.69,1.82,126.0,65.9,0.08,0.0,0.05
306,307.0,감사용,1957-03-23,Samsung Lions,1984,1.0,0.0,0.0,0.0,0.0,0.0,0.0,0.0,2.1,0.0,0.0,9.0,2.0,0.0,0.0,0.0,1.0,0.0,0.0,0.0,0.0,0.0,0.0,3.43,1.29,0.0,97.9,0.08,0.0,0.05
307,308.0,이현택,1964-09-28,Samsung Lions,1988,6.0,0.0,0.0,1.0,0.0,0.0,0.0,0.0,9.0,6.0,6.0,45.0,12.0,0.0,0.0,0.0,9.0,1.0,0.0,6.0,0.0,2.0,6.0,3.91,2.33,64.3,98.6,0.08,0.0,0.05
308,309.0,이동수,1962-08-05,Pacific Dolphins,1988,2.0,0.0,0.0,0.0,0.0,0.0,0.0,0.0,5.0,2.0,1.0,23.0,5.0,0.0,0.0,0.0,4.0,0.0,0.0,1.0,0.0,0.0,1.8,4.58,1.8,212.8,83.7,0.08,0.0,0.05
309,310.0,오문현,1953-02-13,Samsung Lions,1984,11.0,0.0,0.0,1.0,0.0,0.0,0.0,0.0,29.0,18.0,18.0,123.0,30.0,0.0,0.0,4.0,11.0,0.0,2.0,7.0,0.0,0.0,5.59,4.8,1.41,60.1,70.0,0.08,0.0,0.05
310,311.0,황기선,1958-06-02,Haitai Tigers,1985,17.0,0.0,0.0,2.0,0.0,1.0,0.0,0.0,34.2,27.0,25.0,159.0,40.0,0.0,0.0,3.0,19.0,3.0,2.0,15.0,0.0,1.0,6.49,4.03,1.7,53.8,86.5,0.07,0.0,0.05
311,312.0,이척기,1962-05-25,Binggre Eagles,1988,4.0,0.0,0.0,0.0,0.0,0.0,0.0,0.0,2.1,1.0,1.0,11.0,3.0,0.0,0.0,0.0,2.0,2.0,0.0,1.0,0.0,1.0,3.86,1.72,2.14,101.8,228.0,0.07,0.0,0.05
312,313.0,정선두,1959-06-06,Chungbo Pintos,1987,5.0,0.0,0.0,0.0,0.0,0.0,0.0,0.0,9.2,8.0,8.0,43.0,14.0,0.0,0.0,0.0,4.0,0.0,0.0,2.0,0.0,1.0,7.45,3.3,1.86,48.2,109.0,0.07,0.0,0.05
313,314.0,양일환,1961-06-10,Samsung Lions,1985,19.0,1.0,0.0,6.0,3.0,5.0,1.0,0.0,61.2,37.0,35.0,269.0,62.0,0.0,0.0,10.0,28.0,2.0,3.0,17.0,1.0,1.0,5.11,5.18,1.46,69.5,68.5,0.06,0.0,0.04
314,315.0,송진호,1957-08-16,Samsung Lions,1986,6.0,0.0,0.0,0.0,0.0,0.0,2.0,0.0,13.2,5.0,5.0,54.0,11.0,0.0,0.0,3.0,3.0,0.0,1.0,2.0,0.0,0.0,3.29,5.51,1.02,93.9,56.1,0.06,0.0,0.04
315,316.0,이길환,1959-07-15,MBC Blue Dragons,1986,4.0,0.0,0.0,1.0,1.0,0.0,0.0,0.0,10.0,5.0,5.0,44.0,13.0,0.0,0.0,0.0,1.0,0.0,2.0,2.0,0.0,0.0,4.5,2.58,1.4,65.9,115.1,0.06,0.0,0.04
316,317.0,이원국,1949-05-10,MBC Blue Dragons,1983,8.0,1.0,0.0,7.0,1.0,1.0,0.0,0.0,38.2,25.0,19.0,171.0,46.0,0.0,0.0,1.0,14.0,0.0,2.0,6.0,1.0,0.0,4.42,3.33,1.55,69.9,93.0,0.06,0.0,0.04
317,318.0,박동경,1964-03-03,Samsung Lions,1986,1.0,0.0,0.0,0.0,0.0,0.0,0.0,0.0,2.2,1.0,1.0,12.0,3.0,0.0,0.0,0.0,2.0,0.0,0.0,2.0,0.0,0.0,3.38,2.83,1.88,91.6,109.4,0.06,0.0,0.04
318,319.0,성낙수,1957-08-12,Samsung Lions,1985,3.0,0.0,0.0,0.0,0.0,0.0,0.0,0.0,4.1,2.0,2.0,19.0,6.0,0.0,0.0,1.0,1.0,0.0,0.0,2.0,0.0,0.0,4.15,4.99,1.62,85.5,71.2,0.05,0.0,0.04
319,320.0,민문식,1961-11-26,Binggre Eagles,1987,3.0,0.0,0.0,0.0,0.0,0.0,0.0,0.0,5.2,3.0,2.0,26.0,7.0,0.0,0.0,1.0,3.0,0.0,0.0,3.0,0.0,0.0,3.18,5.29,1.77,115.3,69.2,0.05,0.0,0.04
320,321.0,김재박,1954-05-23,MBC Blue Dragons,1985,1.0,0.0,0.0,0.0,1.0,0.0,0.0,0.0,0.2,0.0,0.0,1.0,0.0,0.0,0.0,0.0,0.0,0.0,0.0,0.0,0.0,0.0,0.0,2.22,0.0,0.0,150.7,0.05,0.0,0.04
321,322.0,이선희,1955-02-14,MBC Blue Dragons,1986,7.0,0.0,0.0,2.0,0.0,2.0,0.0,0.0,17.2,12.0,10.0,78.0,25.0,0.0,0.0,2.0,3.0,0.0,1.0,12.0,0.0,0.0,5.09,2.87,1.59,58.2,103.4,0.05,0.0,0.04
322,323.0,박형열,1967-11-13,OB Bears,1986,2.0,0.0,0.0,0.0,0.0,0.0,0.0,0.0,2.2,1.0,1.0,10.0,1.0,0.0,0.0,0.0,1.0,0.0,0.0,0.0,0.0,0.0,3.38,3.2,0.75,88.0,92.9,0.05,0.0,0.04
323,324.0,강상진,1962-04-17,Haitai Tigers,1986,10.0,0.0,0.0,0.0,1.0,0.0,0.0,0.0,22.2,15.0,13.0,107.0,24.0,0.0,0.0,2.0,11.0,0.0,2.0,9.0,0.0,1.0,5.16,4.15,1.54,59.1,73.6,0.04,0.0,0.04
324,325.0,기세봉,1960-02-01,OB Bears,1986,1.0,0.0,0.0,0.0,0.0,0.0,0.0,0.0,1.0,0.0,0.0,3.0,1.0,0.0,0.0,0.0,0.0,0.0,0.0,0.0,0.0,0.0,0.0,2.08,1.0,0.0,143.2,0.04,0.0,0.03
325,326.0,이윤섭,1958-03-01,Lotte Giants,1984,6.0,0.0,0.0,0.0,0.0,0.0,0.0,0.0,10.0,6.0,6.0,45.0,12.0,0.0,0.0,1.0,5.0,0.0,0.0,1.0,0.0,0.0,5.4,4.74,1.7,60.3,68.6,0.04,0.0,0.03
326,327.0,조용철,1965-08-22,Lotte Giants,1984,2.0,0.0,0.0,0.0,0.0,0.0,0.0,0.0,2.0,1.0,0.0,11.0,3.0,0.0,0.0,0.0,2.0,0.0,0.0,2.0,1.0,0.0,0.0,3.14,2.5,0.0,103.6,0.03,0.0,0.03
327,328.0,최진영,1964-03-04,Samsung Lions,1988,1.0,0.0,0.0,0.0,0.0,0.0,0.0,0.0,2.2,2.0,1.0,12.0,5.0,0.0,0.0,0.0,1.0,0.0,0.0,1.0,0.0,1.0,3.38,2.95,2.25,114.3,130.6,0.03,0.0,0.03
328,329.0,김재열,1961-04-25,Binggre Eagles,1987,12.0,0.0,0.0,4.0,1.0,1.0,0.0,0.0,39.1,24.0,20.0,171.0,48.0,0.0,0.0,6.0,16.0,0.0,3.0,10.0,0.0,3.0,4.58,5.39,1.63,80.0,67.9,0.03,0.0,0.03
329,330.0,송유석,1966-07-16,Haitai Tigers,1987,4.0,0.0,0.0,1.0,0.0,0.0,0.0,0.0,15.2,8.0,5.0,71.0,18.0,0.0,0.0,2.0,9.0,0.0,1.0,4.0,0.0,0.0,2.87,5.53,1.72,121.4,63.1,0.03,0.0,0.03
330,331.0,강만식,1957-02-15,Binggre Eagles,1988,2.0,0.0,0.0,0.0,0.0,0.0,0.0,0.0,1.1,0.0,0.0,5.0,0.0,0.0,0.0,0.0,2.0,0.0,0.0,0.0,0.0,0.0,0.0,7.08,1.5,0.0,55.4,0.03,0.0,0.03
331,332.0,송진호,1957-08-16,Samsung Lions,1984,12.0,0.0,0.0,2.0,0.0,1.0,0.0,0.0,33.0,24.0,20.0,153.0,29.0,0.0,0.0,1.0,27.0,2.0,2.0,14.0,0.0,2.0,5.45,4.14,1.7,61.1,80.5,0.02,0.0,0.02
332,333.0,감사용,1957-03-23,OB Bears,1986,1.0,0.0,0.0,0.0,0.0,0.0,0.0,0.0,3.0,1.0,1.0,12.0,3.0,0.0,0.0,1.0,0.0,0.0,0.0,1.0,0.0,0.0,3.0,5.74,1.0,99.1,51.8,0.02,0.0,0.02
333,334.0,이척기,1962-05-25,Samsung Lions,1987,1.0,0.0,0.0,0.0,0.0,0.0,0.0,0.0,2.0,2.0,2.0,8.0,2.0,0.0,0.0,0.0,0.0,0.0,0.0,1.0,0.0,0.0,9.0,1.47,1.0,39.7,243.2,0.02,0.0,0.02
334,335.0,박동경,1964-03-03,Samsung Lions,1988,13.0,0.0,0.0,4.0,0.0,1.0,0.0,0.0,39.1,25.0,22.0,178.0,47.0,0.0,0.0,4.0,26.0,0.0,3.0,8.0,0.0,2.0,5.03,5.71,1.86,76.6,67.6,0.02,0.0,0.02
335,336.0,정순명,1954-06-30,MBC Blue Dragons,1983,13.0,0.0,0.0,7.0,4.0,3.0,0.0,0.0,59.2,30.0,24.0,259.0,56.0,0.0,0.0,7.0,28.0,0.0,5.0,19.0,1.0,1.0,3.62,4.61,1.41,85.4,67.1,0.01,0.0,0.02
336,337.0,김경남,1963-01-07,OB Bears,1987,2.0,0.0,0.0,0.0,0.0,0.0,0.0,0.0,5.0,4.0,4.0,23.0,9.0,0.0,0.0,1.0,0.0,0.0,0.0,2.0,0.0,0.0,7.2,4.27,1.8,47.7,80.6,0.01,0.0,0.02
337,338.0,예병준,1962-03-12,MBC Blue Dragons,1986,5.0,0.0,0.0,0.0,0.0,0.0,0.0,0.0,11.0,10.0,10.0,53.0,19.0,0.0,0.0,0.0,4.0,0.0,0.0,3.0,0.0,3.0,8.18,2.62,2.09,36.2,113.2,0.01,0.0,0.01
338,339.0,하창우,1969-10-24,OB Bears,1988,5.0,1.0,0.0,3.0,0.0,1.0,0.0,0.0,16.1,13.0,12.0,70.0,22.0,0.0,0.0,1.0,3.0,0.0,1.0,2.0,0.0,0.0,6.61,3.86,1.53,56.9,97.3,0.0,0.0,0.01
339,340.0,감사용,1957-03-23,Samsung Lions,1983,6.0,0.0,0.0,0.0,0.0,0.0,0.0,0.0,12.0,6.0,6.0,1.0,46.0,0.0,0.0,12.0,1.0,4.0,0.0,0.0,1.0,0.0,4.5,14.31,3.92,74.5,0.0,0.0,0.0,
340,341.0,최진영,1964-03-04,Samsung Lions,1987,1.0,0.0,0.0,1.0,0.0,1.0,0.0,0.0,2.0,1.0,1.0,10.0,2.0,0.0,0.0,0.0,2.0,0.0,0.0,0.0,1.0,0.0,4.5,5.47,2.0,79.3,65.3,-0.0,0.0,
341,342.0,이우상,1958-11-29,Chungbo Pintos,1986,6.0,0.0,0.0,0.0,0.0,0.0,0.0,0.0,9.1,6.0,6.0,48.0,11.0,0.0,0.0,1.0,8.0,0.0,0.0,3.0,0.0,0.0,5.79,5.4,2.04,54.5,58.4,-0.0,0.0,0.01
342,343.0,최창호,1966-11-08,Chungbo Pintos,1987,8.0,0.0,0.0,1.0,0.0,1.0,0.0,0.0,16.2,14.0,14.0,79.0,21.0,0.0,0.0,1.0,11.0,1.0,0.0,7.0,1.0,0.0,7.56,4.21,1.92,47.5,85.3,-0.0,0.0,0.01
343,344.0,김상기,1961-03-03,Chungbo Pintos,1987,3.0,0.0,0.0,0.0,0.0,0.0,0.0,0.0,2.1,2.0,2.0,10.0,3.0,0.0,0.0,0.0,2.0,0.0,0.0,0.0,0.0,0.0,7.71,5.04,2.14,46.5,71.3,-0.0,0.0,0.01
344,345.0,전용권,1961-04-12,Samsung Lions,1988,14.0,0.0,0.0,5.0,2.0,2.0,1.0,0.0,46.0,28.0,26.0,209.0,53.0,0.0,0.0,6.0,22.0,1.0,3.0,8.0,0.0,1.0,5.09,5.49,1.63,75.8,70.2,-0.01,0.0,0.0
345,346.0,정은배,1962-10-19,Chungbo Pintos,1986,31.0,0.0,0.0,11.0,2.0,9.0,3.0,0.0,105.1,70.0,53.0,469.0,120.0,0.0,0.0,9.0,44.0,2.0,5.0,41.0,0.0,2.0,4.53,3.75,1.56,69.6,84.1,-0.01,0.0,0.0
346,347.0,한오종,1961-06-16,OB Bears,1985,1.0,0.0,0.0,0.0,0.0,0.0,0.0,0.0,0.1,0.0,0.0,4.0,0.0,0.0,0.0,0.0,2.0,0.0,0.0,0.0,0.0,0.0,0.0,20.22,6.0,0.0,17.6,-0.01,0.0,0.0
347,348.0,김현재,1956-06-04,Haitai Tigers,1983,10.0,1.0,0.0,1.0,1.0,0.0,0.0,0.0,24.1,15.0,11.0,122.0,32.0,0.0,0.0,2.0,16.0,0.0,2.0,6.0,0.0,1.0,4.07,4.85,1.97,80.0,67.1,-0.01,0.0,0.0
348,349.0,한오종,1961-06-16,OB Bears,1987,3.0,0.0,0.0,0.0,0.0,0.0,0.0,0.0,5.0,3.0,3.0,21.0,3.0,0.0,0.0,1.0,4.0,0.0,0.0,1.0,0.0,0.0,5.4,7.07,1.4,63.7,48.6,-0.02,0.0,-0.0
349,350.0,김연철,1958-03-20,Binggre Eagles,1988,3.0,0.0,0.0,0.0,0.0,1.0,0.0,0.0,7.0,6.0,5.0,31.0,11.0,0.0,0.0,2.0,0.0,0.0,0.0,2.0,0.0,0.0,6.43,5.72,1.57,61.1,68.6,-0.03,0.0,-0.0
350,351.0,황기선,1958-06-02,OB Bears,1987,2.0,0.0,0.0,0.0,0.0,0.0,0.0,0.0,1.2,3.0,0.0,9.0,3.0,0.0,0.0,0.0,0.0,0.0,0.0,2.0,1.0,1.0,0.0,0.07,1.8,0.0,5094.7,-0.03,0.0,-0.0
351,352.0,이상훈,1963-10-22,Chungbo Pintos,1987,4.0,0.0,0.0,0.0,0.0,0.0,0.0,0.0,6.0,7.0,7.0,30.0,8.0,0.0,0.0,0.0,5.0,0.0,0.0,5.0,0.0,0.0,10.5,3.3,2.17,34.2,108.8,-0.03,0.0,-0.0
352,353.0,오문현,1953-02-13,Samsung Lions,1983,13.0,0.0,0.0,4.0,1.0,3.0,0.0,0.0,37.2,24.0,22.0,154.0,35.0,0.0,0.0,6.0,14.0,0.0,6.0,12.0,1.0,0.0,5.26,5.08,1.3,63.8,65.9,-0.03,0.0,-0.01
353,354.0,박영진,1958-07-27,Samsung Lions,1984,1.0,0.0,0.0,0.0,0.0,0.0,0.0,0.0,1.0,2.0,2.0,6.0,3.0,0.0,0.0,0.0,1.0,1.0,0.0,0.0,0.0,0.0,18.0,2.14,4.0,18.5,155.6,-0.03,0.0,-0.01
354,355.0,인호봉,1958-03-04,Samsung Lions,1985,4.0,0.0,0.0,0.0,0.0,0.0,0.0,0.0,5.1,6.0,4.0,27.0,10.0,0.0,0.0,1.0,1.0,0.0,0.0,1.0,0.0,0.0,6.75,4.84,2.06,54.0,75.2,-0.04,0.0,-0.01
355,356.0,김강익,1961-12-05,OB Bears,1988,6.0,0.0,0.0,2.0,0.0,1.0,0.0,0.0,15.1,9.0,9.0,63.0,15.0,0.0,0.0,4.0,5.0,0.0,0.0,3.0,0.0,0.0,5.28,6.56,1.3,71.2,57.4,-0.05,0.0,-0.01
356,357.0,김현홍,1956-02-13,OB Bears,1983,13.0,1.0,1.0,4.0,2.0,1.0,1.0,0.0,43.1,27.0,20.0,186.0,49.0,0.0,0.0,7.0,17.0,0.0,1.0,12.0,0.0,1.0,4.15,4.85,1.52,78.8,67.5,-0.05,0.0,-0.01
357,358.0,조용철,1965-08-22,Lotte Giants,1985,5.0,0.0,0.0,0.0,0.0,0.0,0.0,0.0,7.1,9.0,8.0,36.0,14.0,0.0,0.0,0.0,3.0,0.0,0.0,2.0,0.0,0.0,9.82,2.9,2.32,34.7,117.7,-0.05,0.0,-0.01
358,359.0,구명근,1965-02-21,Lotte Giants,1988,2.0,0.0,0.0,0.0,0.0,0.0,0.0,0.0,5.0,5.0,5.0,29.0,12.0,0.0,0.0,1.0,2.0,0.0,0.0,1.0,0.0,0.0,9.0,5.98,2.8,42.6,64.1,-0.05,0.0,-0.02
359,360.0,권기홍,1961-07-12,Samsung Lions,1984,3.0,0.0,0.0,0.0,0.0,0.0,0.0,0.0,8.0,7.0,7.0,37.0,9.0,0.0,0.0,1.0,4.0,1.0,1.0,0.0,0.0,0.0,7.88,5.27,1.63,42.3,63.3,-0.05,0.0,-0.02
360,361.0,안창완,1961-12-05,Lotte Giants,1985,2.0,0.0,0.0,2.0,0.0,1.0,0.0,0.0,8.2,7.0,3.0,39.0,9.0,0.0,0.0,1.0,3.0,0.0,0.0,4.0,0.0,0.0,3.12,3.83,1.39,109.5,89.0,-0.06,0.0,
361,362.0,이광권,1954-06-28,MBC Blue Dragons,1985,4.0,0.0,0.0,1.0,0.0,0.0,0.0,0.0,9.1,5.0,5.0,41.0,10.0,0.0,0.0,2.0,3.0,0.0,0.0,1.0,0.0,0.0,4.82,5.75,1.39,69.3,58.1,-0.06,0.0,-0.02
362,363.0,임재준,1962-02-07,Binggre Eagles,1986,10.0,0.0,0.0,1.0,0.0,0.0,0.0,0.0,27.1,17.0,16.0,114.0,24.0,0.0,0.0,6.0,11.0,0.0,0.0,15.0,0.0,1.0,5.27,5.04,1.28,59.6,62.3,-0.07,0.0,-0.02
363,364.0,최창호,1966-11-08,Pacific Dolphins,1988,3.0,0.0,0.0,1.0,0.0,1.0,0.0,0.0,6.2,6.0,6.0,29.0,6.0,0.0,0.0,1.0,4.0,0.0,0.0,3.0,0.0,0.0,8.1,5.43,1.5,47.3,70.6,-0.07,0.0,-0.02
364,365.0,정선두,1959-06-06,Chungbo Pintos,1986,12.0,0.0,0.0,2.0,1.0,2.0,0.0,0.0,25.2,18.0,10.0,115.0,31.0,0.0,0.0,3.0,9.0,0.0,0.0,3.0,0.0,1.0,3.51,4.41,1.56,89.8,71.4,-0.08,0.0,-0.02
365,366.0,최상주,1962-08-07,Haitai Tigers,1987,3.0,0.0,0.0,0.0,0.0,0.0,0.0,0.0,5.1,7.0,7.0,29.0,11.0,0.0,0.0,0.0,3.0,0.0,0.0,0.0,0.0,0.0,11.81,4.16,2.63,29.5,83.9,-0.08,0.0,-0.02
366,367.0,안성수,1965-05-20,Binggre Eagles,1988,1.0,0.0,0.0,1.0,0.0,1.0,0.0,0.0,2.0,3.0,3.0,13.0,5.0,0.0,0.0,0.0,2.0,0.0,0.0,0.0,0.0,0.0,13.5,5.58,3.5,29.1,70.4,-0.08,0.0,
367,368.0,김문희,1955-03-23,Lotte Giants,1985,1.0,0.0,0.0,0.0,0.0,0.0,0.0,0.0,2.0,3.0,3.0,10.0,3.0,0.0,0.0,1.0,1.0,0.0,0.0,1.0,0.0,0.0,13.5,9.22,2.0,25.3,37.0,-0.08,0.0,-0.02
368,369.0,김덕열,1955-04-23,Samsung Lions,1984,2.0,0.0,0.0,0.0,0.0,0.0,0.0,0.0,2.0,4.0,4.0,11.0,4.0,0.0,0.0,0.0,1.0,0.0,1.0,1.0,0.0,0.0,18.0,4.14,2.5,18.6,81.0,-0.08,0.0,-0.02
369,370.0,김정수,1953-04-02,Chungbo Pintos,1986,6.0,0.0,0.0,0.0,0.0,0.0,0.0,0.0,7.1,7.0,5.0,35.0,10.0,0.0,0.0,1.0,5.0,0.0,0.0,2.0,0.0,0.0,6.14,5.35,2.05,51.3,58.9,-0.08,0.0,
370,371.0,김기철,1962-05-24,Haitai Tigers,1985,5.0,0.0,0.0,0.0,0.0,0.0,0.0,0.0,7.1,7.0,6.0,37.0,12.0,0.0,0.0,2.0,5.0,0.0,0.0,5.0,0.0,1.0,7.36,6.44,2.32,47.4,54.2,-0.09,0.0,-0.03
371,372.0,천성호,1963-01-07,Chungbo Pintos,1986,5.0,0.0,0.0,2.0,0.0,1.0,0.0,0.0,6.1,5.0,5.0,30.0,7.0,0.0,0.0,1.0,3.0,0.0,0.0,2.0,1.0,0.0,7.11,4.92,1.58,44.3,64.1,-0.09,0.0,-0.03
372,373.0,정윤수,1964-12-17,Samsung Lions,1988,8.0,0.0,0.0,3.0,0.0,3.0,1.0,0.0,21.2,17.0,17.0,100.0,27.0,0.0,0.0,3.0,10.0,1.0,2.0,10.0,0.0,1.0,7.06,4.98,1.71,54.6,77.5,-0.09,0.0,-0.03
373,374.0,신계석,1960-09-05,MBC Blue Dragons,1983,1.0,0.0,0.0,1.0,0.0,0.0,0.0,0.0,2.0,3.0,2.0,13.0,5.0,0.0,0.0,0.0,1.0,0.0,0.0,0.0,0.0,0.0,9.0,3.56,3.0,34.4,86.9,-0.09,0.0,
374,375.0,김성한,1958-05-18,Haitai Tigers,1986,1.0,0.0,0.0,1.0,0.0,1.0,0.0,0.0,3.0,3.0,3.0,15.0,2.0,0.0,0.0,0.0,3.0,0.0,0.0,0.0,0.0,0.0,9.0,5.08,1.67,33.9,60.1,-0.09,0.0,
375,376.0,김재열,1961-04-25,Binggre Eagles,1988,1.0,0.0,0.0,0.0,0.0,0.0,0.0,0.0,1.0,4.0,4.0,7.0,4.0,0.0,0.0,0.0,1.0,0.0,0.0,0.0,0.0,0.0,36.0,5.58,5.0,10.9,70.4,-0.1,0.0,-0.03
376,377.0,신태순,1962-02-13,Haitai Tigers,1986,1.0,0.0,0.0,0.0,0.0,0.0,0.0,0.0,1.1,4.0,3.0,10.0,4.0,0.0,0.0,0.0,1.0,0.0,0.0,0.0,0.0,0.0,20.25,4.33,3.75,15.1,70.6,-0.1,0.0,-0.04
377,378.0,김준희,1960-05-16,Samsung Lions,1985,1.0,0.0,0.0,0.0,0.0,0.0,0.0,0.0,2.0,4.0,4.0,12.0,5.0,0.0,0.0,1.0,1.0,0.0,0.0,1.0,0.0,0.0,18.0,9.22,3.0,19.7,38.5,-0.1,0.0,-0.04
378,379.0,차준섭,1956-10-16,MBC Blue Dragons,1983,2.0,0.0,0.0,0.0,0.0,0.0,0.0,0.0,3.1,4.0,3.0,15.0,1.0,0.0,0.0,1.0,3.0,0.0,1.0,2.0,0.0,0.0,8.1,8.36,1.2,38.2,37.0,-0.11,0.0,-0.04
379,380.0,박덕용,1956-11-07,Lotte Giants,1984,6.0,0.0,0.0,4.0,1.0,2.0,0.0,0.0,19.0,11.0,11.0,82.0,20.0,0.0,0.0,4.0,7.0,0.0,0.0,4.0,0.0,0.0,5.21,5.56,1.42,62.4,58.5,-0.12,0.0,-0.04
380,381.0,강상진,1962-04-17,Haitai Tigers,1987,13.0,1.0,0.0,3.0,0.0,4.0,0.0,0.0,45.0,34.0,32.0,207.0,49.0,0.0,0.0,2.0,32.0,1.0,3.0,13.0,0.0,4.0,6.4,4.73,1.8,54.5,73.7,-0.12,0.0,-0.04
381,382.0,이문한,1961-07-03,Lotte Giants,1984,16.0,0.0,0.0,6.0,1.0,4.0,0.0,0.0,50.0,32.0,31.0,214.0,52.0,0.0,0.0,8.0,17.0,1.0,2.0,17.0,0.0,1.0,5.58,4.62,1.38,58.3,70.4,-0.13,0.0,-0.04
382,383.0,전용권,1961-04-12,Samsung Lions,1987,1.0,0.0,0.0,0.0,0.0,0.0,0.0,0.0,0.1,3.0,3.0,4.0,3.0,0.0,0.0,1.0,0.0,0.0,0.0,0.0,0.0,0.0,81.0,41.47,9.0,4.4,8.6,-0.13,0.0,-0.04
383,384.0,정순명,1954-06-30,MBC Blue Dragons,1985,7.0,0.0,0.0,6.0,0.0,4.0,0.0,0.0,18.0,15.0,12.0,86.0,26.0,0.0,0.0,1.0,7.0,0.0,0.0,5.0,1.0,0.0,6.0,3.55,1.83,55.7,94.1,-0.14,0.0,-0.05
384,385.0,신태중,1955-06-27,Haitai Tigers,1983,1.0,0.0,0.0,1.0,0.0,1.0,0.0,0.0,0.2,3.0,3.0,7.0,5.0,0.0,0.0,0.0,1.0,0.0,0.0,0.0,0.0,0.0,40.5,6.56,9.0,8.0,49.6,-0.14,0.0,
385,386.0,강상진,1962-04-17,Haitai Tigers,1988,1.0,0.0,0.0,0.0,0.0,0.0,0.0,0.0,1.0,4.0,3.0,9.0,2.0,0.0,0.0,0.0,5.0,0.0,0.0,0.0,0.0,0.0,27.0,17.58,7.0,14.2,21.8,-0.14,0.0,-0.05
386,387.0,황태환,1952-08-06,OB Bears,1988,23.0,1.0,0.0,3.0,0.0,2.0,0.0,0.0,49.2,38.0,36.0,221.0,58.0,0.0,0.0,7.0,21.0,0.0,1.0,11.0,0.0,0.0,6.52,5.3,1.59,57.7,71.0,-0.15,0.0,-0.05
387,388.0,박노준,1962-10-26,OB Bears,1987,9.0,0.0,0.0,1.0,0.0,1.0,0.0,0.0,16.0,11.0,11.0,75.0,16.0,0.0,0.0,3.0,14.0,0.0,1.0,8.0,0.0,2.0,6.19,6.72,1.88,55.6,51.2,-0.15,0.0,-0.05
388,389.0,권기홍,1961-07-12,Samsung Lions,1988,2.0,0.0,0.0,0.0,0.0,0.0,0.0,0.0,2.1,4.0,4.0,12.0,5.0,0.0,0.0,2.0,0.0,0.0,0.0,0.0,0.0,0.0,15.43,13.72,2.14,25.0,28.1,-0.15,0.0,-0.05
389,390.0,인호봉,1958-03-04,Samsung Lions,1984,8.0,0.0,0.0,1.0,0.0,0.0,0.0,0.0,17.2,12.0,11.0,81.0,14.0,0.0,0.0,2.0,13.0,0.0,5.0,4.0,0.0,0.0,5.6,6.22,1.53,59.9,54.0,-0.15,0.0,-0.05
390,391.0,손문곤,1965-01-29,Binggre Eagles,1987,19.0,1.0,0.0,5.0,1.0,4.0,1.0,0.0,49.1,39.0,38.0,223.0,54.0,0.0,0.0,6.0,26.0,0.0,0.0,22.0,1.0,0.0,6.93,4.74,1.62,52.8,77.3,-0.15,0.0,-0.06
391,392.0,이충우,1958-08-13,Pacific Dolphins,1988,2.0,0.0,0.0,0.0,0.0,0.0,0.0,0.0,3.0,6.0,6.0,17.0,7.0,0.0,0.0,1.0,1.0,0.0,1.0,1.0,0.0,0.0,18.0,8.25,2.67,21.3,46.5,-0.16,0.0,-0.06
392,393.0,박노준,1962-10-26,OB Bears,1988,1.0,0.0,0.0,1.0,0.0,0.0,0.0,0.0,3.0,6.0,6.0,17.0,5.0,0.0,0.0,0.0,1.0,0.0,1.0,1.0,0.0,0.0,18.0,3.91,2.0,20.9,96.2,-0.16,0.0,
393,394.0,오문현,1953-02-13,Binggre Eagles,1987,2.0,0.0,0.0,1.0,0.0,1.0,0.0,0.0,2.0,4.0,4.0,14.0,3.0,0.0,0.0,0.0,5.0,0.0,0.0,0.0,1.0,0.0,18.0,9.97,4.0,20.3,36.7,-0.16,0.0,-0.06
394,395.0,김상기,1961-03-03,Chungbo Pintos,1986,5.0,0.0,0.0,1.0,0.0,2.0,0.0,0.0,6.1,7.0,5.0,29.0,8.0,0.0,0.0,1.0,5.0,0.0,0.0,2.0,0.0,0.0,7.11,5.87,2.05,44.3,53.7,-0.17,0.0,-0.07
395,396.0,송진호,1957-08-16,Samsung Lions,1983,10.0,0.0,0.0,2.0,0.0,1.0,0.0,0.0,24.1,23.0,20.0,117.0,31.0,0.0,0.0,1.0,15.0,0.0,3.0,7.0,0.0,2.0,7.4,4.24,1.89,45.2,79.0,-0.17,0.0,-0.08
396,397.0,임호균,1956-03-26,Pacific Dolphins,1988,5.0,0.0,0.0,4.0,0.0,3.0,0.0,0.0,14.0,13.0,11.0,68.0,23.0,0.0,0.0,1.0,10.0,0.0,0.0,4.0,0.0,1.0,7.07,5.08,2.36,54.2,75.4,-0.17,0.0,-0.08
397,398.0,박형열,1967-11-13,OB Bears,1987,1.0,0.0,0.0,0.0,0.0,0.0,0.0,0.0,1.0,3.0,3.0,7.0,3.0,0.0,0.0,2.0,2.0,0.0,0.0,1.0,0.0,0.0,27.0,32.47,5.0,12.7,10.6,-0.17,0.0,-0.08
398,399.0,강철원,1958-01-27,OB Bears,1984,3.0,0.0,0.0,2.0,0.0,0.0,0.0,0.0,3.2,4.0,3.0,18.0,4.0,0.0,0.0,1.0,3.0,0.0,0.0,0.0,0.0,0.0,7.36,8.14,1.91,45.6,41.3,-0.17,0.0,-0.08
399,400.0,장태수,1964-03-15,Samsung Lions,1988,15.0,0.0,0.0,5.0,1.0,4.0,0.0,0.0,37.2,29.0,25.0,175.0,41.0,0.0,0.0,4.0,24.0,1.0,0.0,7.0,0.0,0.0,5.97,5.42,1.73,64.6,71.2,-0.18,0.0,-0.09
400,401.0,민문식,1961-11-26,Binggre Eagles,1986,8.0,0.0,0.0,4.0,1.0,2.0,0.0,0.0,16.0,10.0,9.0,70.0,16.0,0.0,0.0,3.0,8.0,0.0,0.0,5.0,0.0,1.0,5.06,5.39,1.5,62.0,58.2,-0.19,0.0,-0.1
401,402.0,김현재,1956-06-04,Haitai Tigers,1984,4.0,0.0,0.0,0.0,0.0,0.0,0.0,0.0,6.2,8.0,2.0,35.0,8.0,0.0,0.0,2.0,6.0,0.0,0.0,4.0,0.0,0.0,2.7,7.54,2.1,122.1,43.7,-0.19,0.0,-0.1
402,403.0,김태원,1964-01-28,MBC Blue Dragons,1987,10.0,1.0,0.0,2.0,0.0,2.0,0.0,0.0,32.0,32.0,30.0,149.0,50.0,0.0,0.0,2.0,7.0,0.0,5.0,16.0,0.0,1.0,8.44,3.41,1.78,40.8,101.2,-0.19,0.0,-0.1
403,404.0,정용생,1964-04-29,Samsung Lions,1988,10.0,0.0,0.0,3.0,0.0,3.0,0.0,0.0,28.0,25.0,24.0,129.0,38.0,0.0,0.0,3.0,17.0,2.0,1.0,7.0,1.0,4.0,7.71,5.19,1.96,50.0,74.4,-0.21,0.0,-0.1
404,405.0,박정후,1959-12-22,Lotte Giants,1983,3.0,0.0,0.0,0.0,0.0,0.0,0.0,0.0,5.1,10.0,9.0,29.0,5.0,0.0,0.0,0.0,6.0,0.0,3.0,1.0,0.0,5.0,15.19,6.75,2.06,21.7,48.9,-0.23,0.0,-0.1
405,406.0,박정현,1969-07-10,Pacific Dolphins,1988,6.0,0.0,0.0,2.0,0.0,1.0,0.0,0.0,18.2,17.0,16.0,86.0,25.0,0.0,0.0,4.0,8.0,0.0,2.0,8.0,0.0,0.0,7.71,6.11,1.77,49.6,62.6,-0.23,0.0,-0.1
406,407.0,유종천,1956-03-25,Samsung Lions,1983,5.0,1.0,0.0,5.0,1.0,2.0,0.0,0.0,17.0,16.0,15.0,89.0,24.0,0.0,0.0,0.0,14.0,0.0,2.0,7.0,0.0,0.0,7.94,4.06,2.24,42.2,82.6,-0.24,0.0,
407,408.0,신동수,1966-10-01,Haitai Tigers,1986,9.0,0.0,0.0,3.0,0.0,1.0,0.0,0.0,19.0,19.0,18.0,87.0,27.0,0.0,0.0,2.0,5.0,0.0,0.0,9.0,0.0,0.0,8.53,3.29,1.68,35.8,92.9,-0.24,0.0,-0.1
408,409.0,안창완,1961-12-05,Lotte Giants,1986,4.0,0.0,0.0,0.0,0.0,0.0,0.0,0.0,6.2,7.0,5.0,34.0,10.0,0.0,0.0,3.0,4.0,0.0,0.0,0.0,0.0,0.0,6.75,9.73,2.1,44.1,30.6,-0.25,0.0,-0.1
409,410.0,최상주,1962-08-07,Haitai Tigers,1986,8.0,0.0,0.0,0.0,0.0,0.0,0.0,0.0,7.1,10.0,8.0,39.0,6.0,0.0,0.0,1.0,9.0,0.0,0.0,3.0,0.0,0.0,9.82,6.71,2.05,31.1,45.5,-0.26,0.0,-0.1
410,411.0,김덕열,1955-04-23,Lotte Giants,1983,9.0,0.0,0.0,1.0,0.0,1.0,0.0,0.0,21.2,17.0,15.0,102.0,27.0,0.0,0.0,6.0,9.0,0.0,4.0,9.0,0.0,0.0,6.23,6.63,1.66,53.0,49.8,-0.26,0.0,-0.1
411,412.0,차준섭,1956-10-16,MBC Blue Dragons,1985,3.0,0.0,0.0,1.0,0.0,0.0,0.0,0.0,4.1,7.0,7.0,22.0,11.0,0.0,0.0,2.0,0.0,0.0,0.0,0.0,0.0,0.0,14.54,8.22,2.54,23.0,40.6,-0.26,0.0,-0.11
412,413.0,정삼흠,1961-11-05,MBC Blue Dragons,1986,18.0,0.0,0.0,12.0,1.0,2.0,1.0,0.0,52.2,32.0,27.0,241.0,57.0,0.0,0.0,3.0,36.0,1.0,2.0,21.0,1.0,1.0,4.61,4.13,1.77,64.3,71.9,-0.27,0.0,-0.11
413,414.0,김상기,1961-03-03,Samsung Lions,1983,7.0,2.0,0.0,5.0,2.0,3.0,0.0,0.0,31.1,21.0,20.0,140.0,29.0,0.0,0.0,6.0,16.0,0.0,2.0,10.0,2.0,0.0,5.74,5.63,1.44,58.4,59.5,-0.27,0.0,-0.11
414,415.0,김준희,1960-05-16,Samsung Lions,1987,4.0,0.0,0.0,1.0,0.0,0.0,0.0,0.0,7.0,11.0,11.0,40.0,13.0,0.0,0.0,0.0,6.0,0.0,0.0,0.0,0.0,2.0,14.14,5.04,2.71,25.2,70.8,-0.27,0.0,-0.11
415,416.0,김강익,1961-12-05,OB Bears,1987,12.0,0.0,0.0,3.0,0.0,2.0,0.0,0.0,37.0,23.0,21.0,165.0,44.0,0.0,0.0,7.0,18.0,1.0,0.0,4.0,0.0,1.0,5.11,6.09,1.68,67.3,56.5,-0.28,0.0,-0.12
416,417.0,강만식,1957-02-15,Haitai Tigers Binggre Eagles,1987,5.0,0.0,0.0,5.0,2.0,3.0,0.0,0.0,28.0,20.0,19.0,119.0,27.0,0.0,0.0,5.0,11.0,0.0,2.0,4.0,0.0,0.0,6.11,5.9,1.36,60.0,62.0,-0.29,0.0,
417,418.0,안언학,1962-01-06,MBC Blue Dragons,1985,10.0,0.0,0.0,2.0,0.0,2.0,0.0,0.0,15.0,17.0,15.0,74.0,19.0,0.0,0.0,1.0,9.0,0.0,2.0,4.0,2.0,0.0,9.0,4.75,1.87,37.1,70.3,-0.3,0.0,-0.14
418,419.0,장명부,1950-12-27,Binggre Eagles,1986,22.0,3.0,0.0,17.0,1.0,18.0,0.0,0.0,108.1,71.0,60.0,493.0,130.0,0.0,0.0,12.0,41.0,1.0,9.0,48.0,2.0,2.0,4.98,3.99,1.58,63.0,78.7,-0.3,0.0,-0.14
419,420.0,오문현,1953-02-13,Binggre Eagles,1986,3.0,0.0,0.0,2.0,0.0,2.0,0.0,0.0,3.0,5.0,5.0,17.0,8.0,0.0,0.0,2.0,1.0,0.0,0.0,0.0,0.0,0.0,15.0,11.74,3.0,20.9,26.7,-0.31,0.0,-0.14
420,421.0,정성만,1955-10-10,Lotte Giants,1987,4.0,1.0,0.0,3.0,0.0,2.0,0.0,0.0,16.1,16.0,12.0,77.0,22.0,0.0,0.0,2.0,8.0,0.0,1.0,4.0,0.0,0.0,6.61,5.22,1.84,53.4,67.7,-0.31,0.0,-0.15
421,422.0,이상윤,1960-12-21,Haitai Tigers,1985,2.0,0.0,0.0,2.0,0.0,2.0,0.0,0.0,5.0,6.0,6.0,25.0,9.0,0.0,0.0,3.0,3.0,1.0,0.0,2.0,0.0,0.0,10.8,10.42,2.4,32.3,33.5,-0.32,0.0,
422,423.0,이충우,1958-08-13,Lotte Giants,1986,3.0,0.0,0.0,1.0,0.0,1.0,0.0,0.0,10.0,12.0,11.0,49.0,16.0,0.0,0.0,2.0,4.0,0.0,0.0,2.0,0.0,0.0,9.9,5.48,2.0,30.0,54.3,-0.32,0.0,-0.16
423,424.0,김문희,1955-03-23,Lotte Giants,1984,19.0,1.0,0.0,11.0,0.0,6.0,0.0,0.0,56.1,38.0,32.0,254.0,73.0,0.0,0.0,7.0,22.0,1.0,5.0,12.0,0.0,0.0,5.11,4.72,1.69,63.6,69.0,-0.33,0.0,-0.17
424,425.0,배경환,1956-07-08,Pacific Dolphins,1988,13.0,1.0,1.0,11.0,1.0,7.0,0.0,0.0,52.1,40.0,39.0,238.0,57.0,0.0,0.0,9.0,23.0,1.0,1.0,18.0,1.0,1.0,6.71,5.45,1.53,57.1,70.3,-0.33,0.0,-0.19
425,426.0,권기홍,1961-07-12,Samsung Lions,1987,8.0,0.0,0.0,4.0,0.0,4.0,0.0,0.0,25.2,24.0,20.0,127.0,40.0,0.0,0.0,3.0,14.0,0.0,0.0,10.0,1.0,1.0,7.01,4.84,2.1,50.9,73.7,-0.34,0.0,-0.19
426,427.0,조도연,1961-08-06,Haitai Tigers,1987,13.0,0.0,0.0,5.0,0.0,2.0,0.0,0.0,27.0,23.0,22.0,131.0,42.0,0.0,0.0,4.0,13.0,0.0,1.0,9.0,0.0,0.0,7.33,5.28,2.04,47.6,66.0,-0.36,0.0,-0.2
427,428.0,천창호,1954-02-13,Binggre Eagles,1986,22.0,0.0,0.0,4.0,0.0,3.0,1.0,0.0,38.2,32.0,23.0,174.0,45.0,0.0,0.0,6.0,15.0,0.0,3.0,17.0,0.0,0.0,5.35,4.61,1.55,58.6,68.1,-0.38,0.0,-0.21
428,429.0,박상열,1955-08-05,OB Bears,1988,13.0,0.0,0.0,6.0,0.0,3.0,0.0,0.0,46.2,34.0,29.0,216.0,53.0,0.0,0.0,9.0,23.0,0.0,4.0,12.0,0.0,1.0,5.59,6.31,1.63,67.3,59.6,-0.4,0.0,-0.22
429,430.0,강철원,1958-01-27,Chungbo Pintos,1986,8.0,0.0,0.0,3.0,0.0,2.0,0.0,0.0,12.0,12.0,12.0,60.0,17.0,0.0,0.0,3.0,5.0,0.0,3.0,3.0,0.0,0.0,9.0,6.83,1.83,35.0,46.2,-0.4,0.0,-0.23
430,431.0,이진우,1956-03-18,Chungbo Pintos,1987,15.0,0.0,0.0,6.0,0.0,4.0,1.0,0.0,30.0,28.0,22.0,143.0,32.0,0.0,0.0,3.0,22.0,1.0,1.0,17.0,0.0,3.0,6.6,4.83,1.8,54.4,74.3,-0.41,0.0,-0.25
431,432.0,김재현,1959-03-03,Chungbo Pintos,1986,5.0,0.0,0.0,2.0,0.0,2.0,0.0,0.0,4.1,10.0,10.0,26.0,10.0,0.0,0.0,1.0,4.0,0.0,0.0,2.0,0.0,0.0,20.77,6.92,3.23,15.2,45.5,-0.41,0.0,-0.26
432,433.0,임재준,1962-02-07,Binggre Eagles,1987,4.0,0.0,0.0,2.0,0.0,2.0,0.0,0.0,8.0,10.0,9.0,44.0,13.0,0.0,0.0,2.0,7.0,0.0,2.0,5.0,0.0,1.0,10.13,7.84,2.5,36.2,46.7,-0.43,0.0,-0.56
433,434.0,이진우,1956-03-18,Lotte Giants,1984,10.0,0.0,0.0,5.0,0.0,3.0,1.0,0.0,22.1,21.0,12.0,104.0,25.0,0.0,0.0,5.0,9.0,0.0,0.0,17.0,0.0,1.0,4.84,4.74,1.52,67.3,68.7,-0.44,0.0,-0.65
434,435.0,이길환,1959-07-15,MBC Blue Dragons,1984,12.0,0.0,0.0,8.0,3.0,3.0,0.0,0.0,50.0,34.0,27.0,217.0,62.0,0.0,0.0,9.0,9.0,0.0,3.0,15.0,0.0,1.0,4.86,4.6,1.42,63.6,67.2,-0.45,0.0,-0.68
435,436.0,정성만,1955-10-10,Chungbo Pintos,1986,16.0,0.0,0.0,10.0,1.0,7.0,0.0,0.0,47.2,40.0,33.0,226.0,69.0,0.0,0.0,4.0,20.0,0.0,3.0,20.0,0.0,1.0,6.23,3.78,1.87,50.6,83.5,-0.47,0.0,
436,437.0,정삼흠,1961-11-05,MBC Blue Dragons,1988,27.0,6.0,1.0,20.0,5.0,16.0,0.0,0.0,139.2,96.0,88.0,634.0,163.0,0.0,0.0,20.0,61.0,2.0,14.0,43.0,0.0,0.0,5.67,5.39,1.6,66.1,69.5,-0.49,0.0,
437,438.0,최상주,1962-08-07,Haitai Tigers,1988,7.0,0.0,0.0,2.0,0.0,2.0,0.0,0.0,18.0,19.0,15.0,85.0,21.0,0.0,0.0,8.0,5.0,1.0,0.0,6.0,0.0,1.0,7.5,8.36,1.44,51.1,45.8,-0.5,0.0,
438,439.0,양일환,1961-06-10,Samsung Lions,1988,10.0,1.0,0.0,4.0,1.0,2.0,0.0,0.0,29.1,30.0,29.0,145.0,36.0,0.0,0.0,4.0,15.0,0.0,8.0,10.0,0.0,0.0,8.9,6.02,1.74,43.3,64.0,-0.5,0.0,
439,440.0,정순명,1954-06-30,MBC Blue Dragons,1984,8.0,0.0,0.0,7.0,0.0,3.0,0.0,0.0,22.2,18.0,18.0,106.0,24.0,0.0,0.0,3.0,17.0,0.0,1.0,7.0,0.0,0.0,7.15,5.63,1.81,43.2,54.9,-0.52,0.0,
440,441.0,권기홍,1961-07-12,Samsung Lions,1986,5.0,0.0,0.0,2.0,0.0,2.0,0.0,0.0,12.2,15.0,13.0,60.0,18.0,0.0,0.0,5.0,3.0,0.0,2.0,7.0,0.0,1.0,9.24,7.29,1.66,33.5,42.4,-0.52,0.0,
441,442.0,박정후,1959-12-22,Samsung Lions,1985,16.0,0.0,0.0,7.0,0.0,3.0,1.0,0.0,38.2,34.0,30.0,186.0,43.0,0.0,0.0,4.0,34.0,0.0,3.0,14.0,0.0,5.0,6.98,5.71,1.99,52.2,63.8,-0.55,0.0,
442,443.0,조호표,1958-12-02,Binggre Eagles,1986,2.0,0.0,0.0,0.0,0.0,0.0,0.0,0.0,2.1,15.0,14.0,40.0,18.0,0.0,0.0,5.0,2.0,0.0,0.0,1.0,0.0,0.0,54.0,31.65,8.57,5.8,9.9,-0.56,0.0,
443,444.0,이동수,1962-08-05,Chungbo Pintos,1987,7.0,0.0,0.0,2.0,1.0,1.0,0.0,0.0,16.0,23.0,22.0,80.0,27.0,0.0,0.0,3.0,5.0,0.0,2.0,6.0,0.0,0.0,12.38,5.47,2.0,29.0,65.7,-0.59,0.0,
444,445.0,강철원,1958-01-27,OB Bears,1983,17.0,1.0,0.0,11.0,4.0,2.0,0.0,0.0,62.2,44.0,44.0,275.0,72.0,0.0,0.0,12.0,23.0,0.0,7.0,21.0,1.0,2.0,6.32,5.31,1.52,51.8,61.6,-0.6,0.0,
445,446.0,이윤섭,1958-03-01,Lotte Giants,1983,12.0,0.0,0.0,3.0,0.0,2.0,0.0,0.0,19.2,22.0,18.0,94.0,35.0,0.0,0.0,7.0,4.0,0.0,0.0,8.0,0.0,0.0,8.24,6.48,1.98,40.1,50.9,-0.62,0.0,
446,447.0,이동석,1964-01-11,Binggre Eagles,1987,13.0,1.0,0.0,5.0,1.0,2.0,0.0,0.0,35.1,34.0,25.0,175.0,51.0,0.0,0.0,6.0,20.0,1.0,2.0,6.0,1.0,0.0,6.37,6.12,2.01,57.5,59.8,-0.62,0.0,
447,448.0,오문현,1953-02-13,Samsung Lions,1985,23.0,0.0,0.0,6.0,4.0,4.0,0.0,0.0,75.1,54.0,53.0,341.0,101.0,0.0,0.0,19.0,23.0,0.0,11.0,16.0,0.0,2.0,6.33,6.43,1.65,57.5,56.7,-0.64,0.0,
448,449.0,노상수,1958-05-05,Lotte Giants,1986,16.0,1.0,0.0,10.0,3.0,5.0,0.0,0.0,49.1,34.0,31.0,228.0,65.0,0.0,0.0,8.0,20.0,0.0,7.0,16.0,0.0,1.0,5.66,5.18,1.72,52.6,57.5,-0.75,0.0,
449,450.0,신태중,1955-06-27,Samsung Lions,1984,14.0,0.0,0.0,8.0,1.0,6.0,1.0,0.0,48.1,43.0,37.0,227.0,55.0,0.0,0.0,8.0,34.0,1.0,4.0,30.0,0.0,1.0,6.89,5.35,1.84,48.7,62.7,-0.85,0.0,
450,451.0,엄평재,1960-10-24,Haitai Tigers,1983,13.0,0.0,0.0,1.0,0.0,2.0,0.0,0.0,11.0,25.0,20.0,147.0,34.0,0.0,0.0,4.0,16.0,0.0,3.0,12.0,0.0,2.0,16.36,9.79,4.55,19.9,33.3,-0.9,0.0,
451,452.0,최상주,1962-08-07,Haitai Tigers,1985,32.0,0.0,0.0,10.0,5.0,7.0,0.0,0.0,31.0,52.0,42.0,403.0,101.0,0.0,0.0,7.0,36.0,1.0,7.0,32.0,0.0,1.0,12.19,7.15,4.42,28.6,48.8,-1.91,0.0,
