,nega
0,취약점
1,보완
2,하기
3,위해
4,무작정
5,강력한
6,보안
7,장치
8,도입
9,할
10,수도
11,없다
12,시장조사
13,업체
14,인
15,램
16,익스
17,체인지
18,따르면
19,지난해
20,램
21,고
22,정거
23,래
24,가는
25,달러
26,전월
27,대비
28,변동
29,없었다
30,사업
31,처음
32,부터
33,직접
34,키우려
35,했다면
36,쿠팡
37,플레이
38,타임
39,투
40,마켓
41,제품
42,개발
43,부터
44,판매
45,걸리는
46,시간
47,걸렸을
48,회사
49,임금
50,인상
51,률
52,이나
53,퇴직
54,률
55,운용
56,수익률
57,연
58,금액
59,산정
60,기초
61,되는
62,모든
63,사항
64,대해
65,책임
66,지는
67,대신
68,근로자
69,가입자
70,일절
71,선택
72,권
73,없다
74,위성정당
75,중도
76,층
77,흡수
78,위해
79,만든
80,아니다
81,장자
82,철학
83,하도
84,넓어서
85,아무리
86,해석
87,되어도
88,끝
89,보이지
90,않는
91,다년
92,강남
93,개발
94,한창
95,이던
96,시기
97,봉은사
98,당시
99,주지
100,사찰
101,소유
102,이던
103,땅
104,판매
105,거부
106,영웅
107,되어
108,돌아가기
109,위해
110,서
111,온
112,아니다
113,봉
114,감독
115,말
116,처럼
117,미국인
118,자막
119,있는
120,외국
121,영화
122,즐겨
123,보지
124,않는다
125,그러나
126,공
127,처
128,같은
129,주장
130,받아들이지
131,않았다
132,제
133,아무
134,리
135,우량
136,기업
137,이라
138,해도
139,뒤
140,어떤
141,상황
142,처
143,해
144,있을지
145,장담
146,할
147,없다
148,한편
149,헌법재판소
150,지난달
151,음주운전
152,이나
153,음주
154,측정
155,거부
156,전력
157,있는
158,운전자
159,다시
160,범행
161,저지를
162,경우
163,가중
164,처벌
165,하
166,도록
167,한
168,도로교통법
169,제조
170,제
171,항
172,위헌
173,이라고
174,결정
175,윤창
176,호법
177,효력
178,잃었다말
179,그대로
180,예상
181,지표
182,여서
183,신뢰
184,할
185,건
186,못
187,된다
188,후세
189,나를
190,알아주길
191,바라는
192,아니
193,다그
194,남북한
195,통일
196,되지
197,않을
198,경우
199,상상
200,하기는
201,매우
202,어렵다고
203,갓
204,폐단
205,이루
206,다
207,말
208,할
209,없다
210,비중
211,축소
212,나
213,매도
214,제시
215,한
216,애널
217,리스트
218,없다
219,다른
220,동식물
221,엔
222,해
223,되지
224,않았죠
225,정순왕후
226,죽어서도
227,남편
228,만나지
229,못
230,미국
231,온라인
232,캘러
233,웨이
234,커
235,스텀
236,숍
237,다양한
238,색상
239,스탬프
240,옵션
241,제공
242,하는데
243,한국
244,서비스
245,진행
246,할지는
247,아직
248,알려진
249,바
250,없다
251,사실
252,팩트
253,무엇
254,막
255,없다
256,심지어
257,대
258,정부
259,수반
260,적지
261,않았다
262,부산시
263,수영구
264,남천동
265,관사
266,소유
267,하고
268,있으나
269,박형준
270,시장
271,취임
272,한
273,지난해
274,이후
275,사용
276,하지
277,않고
278,있다
279,사람
280,됨이
281,이러했으니
282,좌계
283,부담
284,나쁘게
285,평
286,하지
287,않는다
288,광해군
289,발간
290,한
291,동의보감
292,동
293,양
294,의학
295,본
296,고장
297,중국
298,에서도
299,크게
300,주목
301,받았지만
302,정작
303,조선
304,에서는
305,의술
306,발전
307,이어지지
308,못
309,했
310,다년
311,런던
312,리우데자네이루
313,대회
314,최종
315,예선
316,통과
317,하지
318,못
319,했다한
320,다
321,빅오픈
322,우승하지는
323,못
324,했지만
325,준우승
326,차지
327,하며
328,샷
329,감각
330,끌어
331,올린
332,터
333,라
334,갑자기
335,찾아온
336,한
337,달
338,간
339,공백
340,달
341,갑지
342,만은
343,않다
344,그래도
345,진짜
346,내
347,집
348,들어간다며
349,인테리어
350,구상
351,들떴던
352,지난해
353,부동산대책
354,본인
355,에게
356,어떤
357,영향
358,미칠지
359,가늠
360,하지
361,못
362,사소한
363,일로
364,경영
365,처벌
366,받을
367,있다면
368,어느
369,금융
370,사도
371,리스크
372,안고
373,혁신
374,금융
375,이나
376,과감
377,한
378,투자
379,외국
380,진출
381,꿈꾸지
382,못
383,할
384,심노
385,숭의
386,저
387,실기
388,따르면
389,인조
390,총애
391,받던
392,귀인
393,조
394,씨
395,전라
396,감영
397,하인
398,보내
399,청탁
400,했는데
401,당시
402,전라
403,감사
404,였던
405,허적
406,이를
407,들어주지
408,않았다
409,콜레라
410,가장
411,숫자
412,많은
413,가난한
414,흑인
415,에게는
416,더
417,잔인했지만
418,실제
419,로는
420,피부색
421,이나
422,가문
423,전혀
424,고려
425,하지
426,않았다
427,관가
428,따르면
429,기재부
430,경제정책
431,국
432,국장
433,급
434,보직
435,인
436,민생
437,경제정책
438,관
439,지난
440,이후
441,현재
442,후임
443,인사
444,이뤄지지
445,않고
446,있다
447,특히
448,이번
449,시즌
450,만큼은
451,승점
452,골
453,득실
454,상위
455,개
456,팀
457,수준
458,나머지
459,개
460,팀
461,압도
462,하고
463,있는데
464,상위
465,개
466,팀
467,골
468,득실
469,차는
470,점
471,인
472,반면
473,나머지
474,팀
475,에선
476,점
477,넘는
478,곳도
479,없다
480,보관
481,대가
482,예금
483,금리
484,제공
485,하는
486,행위
487,못
488,하게
489,한다는
490,또한
491,얼핏
492,보아
493,꽃잎
494,쌀
495,처럼
496,생기지
497,않았다
498,올해
499,같은
500,경우
501,코로나
502,때문
503,고장
504,챙길
505,상황
506,아니다
507,또
508,수술실
509,도입
510,한
511,이후
512,지금
513,촬영
514,녹화
515,된
516,영상
517,물
518,사본
519,요청
520,한
521,사례
522,한
523,건
524,없었다
525,그동안
526,수없이
527,건의
528,되고
529,법
530,제
531,화가
532,시도
533,됐지만
534,아직
535,성사
536,되지
537,않았다
538,우선
539,라식
540,라섹
541,할
542,땐
543,각막
544,표면
545,일부
546,깎는데
547,이로
548,인해
549,감각
550,신경
551,손상
552,되면서
553,눈물
554,충분히
555,나오지
556,않게
557,된다
558,전체주의
559,적
560,인
561,시진핑
562,체제
563,억압
564,전염병
565,이라는
566,팩트
567,막지
568,못
569,공유
570,차량
571,공유
572,숙박
573,앱
574,소비자
575,편익
576,높인
577,크게
578,다를
579,바
580,없다
581,백
582,묵은
583,옛
584,칼
585,자루
586,있으되
587,날
588,없고
589,삼대
590,내려온
591,깨진
592,총
593,불
594,질러도
595,소리
596,나지
597,않는다
598,뇌
599,생물학
600,적
601,기관
602,만이
603,아니라
604,내
605,숨
606,쉬
607,고
608,대화
609,하고
610,하고
611,잠
612,자는
613,일상생활
614,자체
615,이자
616,나
617,과거
618,현재
619,미래
620,백내장
621,모두
622,수술
623,필요한
624,아니다
625,기생충
626,미술상
627,편집
628,상
629,후보
630,에도
631,올랐으나
632,수상
633,실패했
634,다년
635,맡겨도
636,금리
637,연
638,큰
639,차이
640,없다이를
641,뒤집기
642,위해
643,아무리
644,노력
645,해봐도
646,자신
647,서명
648,한
649,문서
650,기재
651,된
652,명백한
653,문구
654,뒤집는
655,쉽지
656,않다
657,결과
658,적
659,만
660,양
661,병설
662,조선
663,망할
664,구현
665,되지
666,못
667,한다
668,전날
669,국내
670,증시
671,삼
672,성
673,전자
674,거래
675,만에
676,반등
677,하며
678,만
679,전자
680,붕괴
681,피하
682,듯
683,했다이에
684,기존
685,등속
686,예측
687,모델
688,로는
689,곡선
690,주
691,행시
692,상대방
693,차량
694,위치
695,제대로
696,표현
697,할
698,없었다
699,일반
700,소비자
701,용
702,대개
703,메모리
704,담겨
705,박스
706,포장
707,상태
708,팔리는
709,제품
710,바꿔도
711,계속
712,쓸
713,있다다만
714,연
715,평균
716,씩
717,증가
718,한
719,미국
720,만
721,명과
722,씩
723,증가
724,한
725,캐나다
726,만
727,엔
728,미치지
729,못
730,오늘날
731,절대
732,적
733,인
734,안전
735,어디
736,에도
737,없다
738,사스
739,아프리카
740,돼지
741,열병
742,조류
743,인플루엔자
744,이어
745,이번
746,신종
747,코로나바이러스
748,감염증
749,전혀
750,통제
751,안되고
752,있다
753,씨
754,여동생
755,재산
756,내
757,역
758,씨
759,에게
760,인계
761,제대로
762,하지
763,않았다
764,인권위
765,지난
766,청와대
767,국민
768,청원
769,관련
770,문서
771,착오
772,보내졌다고
773,알려와
774,이를
775,반송
776,했다고
777,언급
778,했으나
779,정확히
780,어떤
781,착오
782,인
783,지는
784,설명
785,하지
786,않았다
787,부마
788,한
789,번
790,왕
791,딸
792,결혼
793,하면
794,평생
795,다른
796,여자
797,결혼
798,할
799,없다
800,예컨대
801,마스크
802,품귀
803,정확한
804,정보
805,믿을
806,만
807,한
808,수급
809,대책
810,불안
811,잠재우지
812,못
813,하고
814,업자
815,에게
816,으름장
817,만
818,놓는
819,수준
820,이어서
821,안
822,된다다만
823,예비
824,조치
825,민간
826,사업
827,장
828,공
829,사장
830,저
831,감
832,조치
833,나
834,배출
835,가스
836,등급
837,차량
838,운행
839,제한
840,포함
841,되지
842,않는다
843,필자
844,같은
845,주장
846,동의
847,하지
848,않는다
849,우유곽
850,잘라
851,속옷
852,상자
853,변신
854,시키고
855,옷
856,걸이
857,프라이팬
858,거치
859,대로
860,바꿔
861,작은
862,공간
863,에도
864,더
865,많은
866,물건
867,넣을
868,있도록
869,알려주는
870,금손
871,나
872,도저히
873,따라
874,할
875,없었다
876,윤민수
877,지난
878,자신
879,인스타그램
880,각종
881,기관
882,조사
883,요청
884,하고
885,자료
886,제공
887,하고
888,협조
889,하면서
890,밝혀지고
891,바로
892,잡히길
893,누구
894,보다
895,기다렸지만
896,믿었던
897,방송
898,에선
899,억울함을
900,풀기
901,보단
902,어그
903,이목
904,집중
905,시키고
906,분쟁
907,일으키는
908,행위
909,만
910,더
911,끌
912,고
913,음악
914,사랑
915,하시는
916,모든
917,대중
918,가요
919,계
920,혼란
921,만
922,줬다며
923,누구
924,보다
925,음악
926,사랑
927,하고
928,해왔던
929,바이브
930,이름
931,부끄러울
932,하지도
933,않았고
934,앞
935,으로도
936,하지
937,않는다고
938,주장
939,했다한
940,달
941,간
942,강제
943,휴가
944,반가울
945,리
946,없다
947,낯선
948,사람
949,쉽게
950,알
951,없다
952,복숭아나무
953,납작한
954,열매
955,맺었는데
956,구
957,수시
958,우리말
959,로는
960,또애감
961,사람
962,감복숭아
963,라고
964,만
965,할
966,뿐
967,다른
968,나라
969,진품
970,여기는
971,줄
972,알
973,지
974,못
975,한다
976,사람
977,꿰뚫
978,어보
979,같은
980,총명한
981,눈
982,지녔지만
983,아름답다는
984,인상
985,주지
986,않았다
987,감기
988,오인
989,하기
990,쉬운데
991,감기
992,일주일
993,정도
994,면
995,증상
996,호전
997,되는
998,반면
999,수주
1000,개월
1001,까지도
1002,증상
1003,계속
1004,되면서
1005,발열
1006,인후
1007,통
1008,없다
1009,또
1010,지역
1011,내
1012,후보
1013,단
1014,일화
1015,에도
1016,실패했다두
1017,회사
1018,모두
1019,좋은
1020,매물
1021,이라
1022,내
1023,부적
1024,정밀
1025,하게
1026,살펴보는
1027,절차
1028,진행
1029,중이
1030,라며
1031,관련
1032,내용
1033,부인
1034,하지
1035,않고
1036,있다
1037,영등포구
1038,내
1039,에서도
1040,당산동
1041,전통
1042,부촌
1043,인
1044,여의도
1045,나
1046,재개발
1047,사업
1048,활발한
1049,영등포동
1050,달리
1051,주거지역
1052,이름
1053,널리
1054,알리
1055,지는
1056,않았다
1057,제주도
1058,중국인
1059,관광객
1060,밥줄
1061,이나
1062,다름없다
1063,물론
1064,친구
1065,과의
1066,허튼
1067,소리
1068,과정
1069,나온
1070,이야기
1071,이지만
1072,우리
1073,만
1074,그려
1075,보는
1076,이야기
1077,아니지
1078,싶다
1079,수익
1080,내기
1081,어렵다
1082,중국
1083,어물쩍
1084,넘어간다고
1085,우리
1086,좋은
1087,게
1088,좋다는
1089,식
1090,넘어갈
1091,문제
1092,더
1093,더욱
1094,아니다
1095,절대
1096,왕권
1097,휘둘렀던
1098,중국
1099,달리
1100,우리나라
1101,신권
1102,강했던
1103,조선
1104,궁궐
1105,왕
1106,관련
1107,된
1108,건축물
1109,크게
1110,짓지
1111,않았다다만
1112,국
1113,유림
1114,제한
1115,적
1116,인
1117,민간
1118,소유
1119,지역
1120,만을
1121,대상
1122,해
1123,대부분
1124,태양광
1125,발전
1126,개발
1127,사업
1128,환경
1129,영향
1130,평가
1131,받지
1132,않는다
1133,세월호
1134,참사
1135,다룬
1136,단편
1137,다큐멘터리
1138,부재
1139,기억
1140,역시
1141,수상자
1142,호명
1143,되지는
1144,못
1145,마키아벨리
1146,이탈리아
1147,통일
1148,아이디어
1149,리더십
1150,비결
1151,담은
1152,군주론
1153,써서
1154,메디치
1155,에게
1156,바치
1157,지만
1158,들춰
1159,보지
1160,않았다
1161,홍국영
1162,도승지
1163,숙
1164,위대
1165,장
1166,겸직
1167,하면서
1168,늘
1169,궁
1170,거처
1171,했는데
1172,처소
1173,임금
1174,침전
1175,불과
1176,열
1177,걸음
1178,안
1179,됐다
1180,전통
1181,시장
1182,점포
1183,만
1184,해도
1185,몇
1186,천만원
1187,넘게
1188,권리금
1189,부담
1190,하는
1191,곳
1192,적지
1193,않다
1194,고용부
1195,관계자
1196,특별
1197,연장
1198,근로
1199,그야말로
1200,불가피한
1201,경우
1202,기업
1203,사용
1204,할
1205,있는
1206,이고
1207,방어
1208,적
1209,적용
1210,하는
1211,제도
1212,라며
1213,매출
1214,이익
1215,마이너스
1216,막기
1217,위해
1218,적용
1219,할
1220,있어도
1221,플러스
1222,상황
1223,적용
1224,하긴
1225,힘들다대
1226,영조
1227,긴
1228,통치
1229,기간
1230,만큼이나
1231,많은
1232,글씨
1233,남겼지만
1234,솜씨
1235,빼어나다고
1236,할
1237,없다
1238,뿐
1239,아니다
1240,멤버
1241,반려동물
1242,빠질
1243,없다
1244,석씨
1245,재판
1246,자신
1247,당시
1248,아이
1249,낳지
1250,않았고
1251,아이
1252,바꿔치기
1253,하지도
1254,않았다며
1255,혐의
1256,완강
1257,히
1258,부인
1259,했지만
1260,법원
1261,받아들이지
1262,않았다
1263,달
1264,현
1265,지
1266,시간
1267,스페인
1268,바르셀로나
1269,열리는
1270,세계
1271,최대
1272,모바일
1273,전시회
1274,모바일
1275,월드
1276,콩그레스
1277,참가
1278,하는
1279,국내
1280,기업
1281,줄어들
1282,보인다
1283,북한
1284,측
1285,발표
1286,그대로
1287,믿을
1288,순
1289,없다
1290,이후
1291,보수
1292,정권
1293,각종
1294,혜택
1295,내세우며
1296,내
1297,집
1298,마련
1299,부추길
1300,더
1301,저렴해질
1302,사겠다고
1303,결심
1304,했지만
1305,잠실
1306,아파트
1307,집값
1308,기대했던
1309,수준
1310,돌아오지
1311,않았다아
1312,어찌
1313,부인
1314,필치라고
1315,소홀히
1316,다뤄져
1317,서야
1318,되겠는가
1319,경험
1320,해보지
1321,못
1322,했기
1323,때문
1324,연일
1325,들려오는
1326,민간
1327,항공
1328,시장
1329,상황
1330,운항
1331,중단
1332,따른
1333,여파
1334,폭풍
1335,전야
1336,민간
1337,항공사
1338,거점
1339,공항
1340,그라운딩
1341,된
1342,여객기
1343,주기
1344,장
1345,가득
1346,채우고
1347,있으며
1348,우리나라
1349,민간
1350,항공사
1351,공항
1352,예외
1353,아니다
1354,과거
1355,우리
1356,선배
1357,성
1358,공
1359,방식
1360,더
1361,이상
1362,통용
1363,되기
1364,어렵게
1365,됐다
1366,그렇다고
1367,민주당
1368,아니다
1369,김상희
1370,더불어
1371,민주당
1372,부위
1373,원장
1374,임기
1375,마친
1376,후
1377,개월
1378,동안
1379,위원회
1380,후임
1381,찾지
1382,못
1383,하고
1384,있다
1385,당시
1386,정부
1387,에너지
1388,절약
1389,낭비
1390,방지
1391,차원
1392,신규
1393,전
1394,자유
1395,기장
1396,허가
1397,내주지
1398,않았다다만
1399,재판
1400,부는
1401,전
1402,이사장
1403,전
1404,현직
1405,임원
1406,배상
1407,책임
1408,인정
1409,하지
1410,않았다
1411,비타민
1412,군
1413,부족하면
1414,혈액
1415,속
1416,포도당
1417,세포
1418,안
1419,들여
1420,보낼
1421,없고
1422,설령
1423,들어가더라도
1424,에너지
1425,바뀌지
1426,않기
1427,때문
1428,강국
1429,만의
1430,얘기
1431,아니다
1432,식재가
1433,단순하고
1434,양념
1435,새지
1436,않다
1437,경기
1438,타율
1439,홈런
1440,타점
1441,준수
1442,한
1443,성적
1444,냈지만
1445,밀워키
1446,테임즈
1447,연장
1448,계약
1449,하지
1450,않았다
1451,북부
1452,요동
1453,요
1454,서
1455,일대
1456,고조선
1457,영향
1458,권
1459,있기는
1460,했지만
1461,부족
1462,국가
1463,수준
1464,벗어나지
1465,못
1466,하고
1467,있었다
1468,아이스크림
1469,생산
1470,주
1471,기적
1472,특정
1473,시기
1474,업
1475,무량
1476,증가
1477,하는
1478,경우
1479,특별
1480,연장
1481,근로
1482,인가
1483,사유
1484,되지
1485,못
1486,한다다만
1487,삼성
1488,중대
1489,형
1490,원통
1491,형
1492,배터리
1493,양산
1494,시기
1495,규모
1496,구체
1497,적
1498,정해지지
1499,않았다
1500,강화도
1501,초
1502,지리
1503,매화마름
1504,군락
1505,지에서만
1506,생산
1507,되는
1508,매화마름
1509,쌀
1510,빚
1511,우
1512,곡주
1513,생
1514,주로
1515,마셔야
1516,가장
1517,맛
1518,좋지만
1519,가격
1520,비싸고
1521,유통
1522,판매
1523,어려운
1524,탓
1525,대중화
1526,되기
1527,어려웠다
1528,상승
1529,기
1530,매물도
1531,희소
1532,해
1533,정말
1534,원하던
1535,로열
1536,층
1537,아니었다
1538,그렇게
1539,해도
1540,어디
1541,에도
1542,희망
1543,없었다
1544,래서
1545,인지
1546,전
1547,억원
1548,김환기
1549,붉은
1550,점화
1551,낙찰
1552,받은
1553,사람
1554,지금
1555,소유
1556,사실
1557,밝히지
1558,않았다
1559,전라도
1560,땅
1561,신령
1562,스러운
1563,기운
1564,타고난
1565,인걸
1566,적지
1567,않다로
1568,반
1569,법인
1570,창업
1571,절차
1572,대행
1573,하니
1574,창업
1575,비용
1576,들이지
1577,않아도
1578,된다
1579,암
1580,치료법
1581,한낱
1582,과일
1583,씨
1584,추출
1585,물
1586,발견
1587,되었다는
1588,암
1589,치료법
1590,연구
1591,만을
1592,위해
1593,존재
1594,하는
1595,연구소
1596,실험실
1597,이나
1598,정부
1599,지
1600,원금
1601,받는
1602,사람
1603,암
1604,치료
1605,제
1606,개발
1607,하는
1608,제약
1609,회사
1610,입장
1611,에서는
1612,받아들일
1613,없을
1614,문학
1615,출판
1616,계
1617,해당
1618,작가
1619,따르면
1620,김금희
1621,최은영
1622,소설가
1623,이상문학상
1624,우수상
1625,수상
1626,거부
1627,한
1628,데
1629,이어
1630,이기호
1631,소설가
1632,수상
1633,거부
1634,겨울철
1635,되면
1636,중국
1637,석탄
1638,난방
1639,연료
1640,사용
1641,증가
1642,하면서
1643,편서풍
1644,타고
1645,미세먼지
1646,농도
1647,높아지는
1648,영향
1649,배제
1650,할
1651,없다
1652,마찬가지
1653,호황
1654,기
1655,채무
1656,많은
1657,돈
1658,번
1659,사람
1660,불황
1661,이나
1662,전쟁
1663,가능성
1664,생각
1665,하지
1666,못
1667,한다
1668,여타
1669,게임
1670,처럼
1671,프리
1672,세
1673,하
1674,지도
1675,않는다
1676,그러나
1677,이후
1678,개월
1679,동안
1680,추가
1681,우승
1682,거두지
1683,못
1684,하고
1685,있었다
1686,당시
1687,심리학자
1688,인간
1689,자신
1690,행동
1691,스스로
1692,창
1693,출하
1694,존재
1695,아니라
1696,환경
1697,적
1698,상황
1699,행동
1700,목록
1701,습득
1702,해
1703,온
1704,유기체
1705,불과하다는
1706,스키너
1707,주장
1708,동조
1709,하지
1710,않았다
1711,그런데
1712,닭
1713,목숨
1714,끊어지지
1715,않았던
1716,모양
1717,윤민수
1718,내
1719,기다리고
1720,있었던
1721,건
1722,공신
1723,력
1724,있는
1725,방송
1726,자료
1727,공신
1728,력
1729,있는
1730,기관
1731,에서의
1732,조사
1733,결과
1734,더
1735,명확히
1736,해명
1737,하고
1738,사재기
1739,하지
1740,않았
1741,음
1742,증명
1743,하는
1744,라며
1745,단순히
1746,하지
1747,않았다고
1748,말
1749,하는
1750,보다
1751,더
1752,확실한
1753,조사
1754,결과
1755,자료
1756,보여
1757,드려야겠다고
1758,생각
1759,했다고
1760,전
1761,깃대
1762,휘
1763,어질
1764,정도
1765,불어
1766,닥친
1767,강풍
1768,속
1769,에서도
1770,미국
1771,여자
1772,프로
1773,골프
1774,투어
1775,차
1776,베테
1777,랑
1778,박희
1779,영
1780,그룹
1781,집중
1782,력
1783,흐트러지
1784,지
1785,않았다
1786,교육부
1787,부터
1788,라는
1789,이름
1790,학생
1791,창업
1792,교육
1793,프로그램
1794,내놓았지만
1795,실적
1796,쌓지
1797,못
1798,금융
1799,당국
1800,지난해
1801,부터
1802,차주
1803,대출
1804,연
1805,소득
1806,이내
1807,제한
1808,하고
1809,있는
1810,시중
1811,은행
1812,신용
1813,대출
1814,규제
1815,연
1816,소득
1817,만원
1818,이하
1819,경우
1820,적용
1821,하지
1822,않는다
1823,일부
1824,생산
1825,라인
1826,가동
1827,중단
1828,한
1829,포스코
1830,하루
1831,만여
1832,제품
1833,출하
1834,하지
1835,못
1836,하고
1837,있다
1838,무협
1839,관계자
1840,안전
1841,운임
1842,부담
1843,나날이
1844,증가
1845,하지만
1846,기업
1847,할증
1848,인한
1849,부담
1850,더
1851,크다며
1852,안전
1853,운임
1854,위원회
1855,화물
1856,연대
1857,기울어진
1858,운동장
1859,이어서
1860,할증
1861,근거
1862,명확히
1863,밝히라고
1864,요구
1865,해도
1866,받아들여지지
1867,않는다고
1868,트럼프
1869,대통령
1870,탄핵
1871,심판
1872,상원
1873,진행
1874,중이
1875,지만
1876,민주당
1877,탄핵
1878,소
1879,추단
1880,단
1881,한
1882,명의
1883,증인
1884,추가
1885,채택
1886,하지
1887,못
1888,송파구
1889,대
1890,단
1891,지인
1892,헬리
1893,오
1894,시티
1895,한파
1896,피하
1897,지
1898,못
1899,미세먼지
1900,기승
1901,부리는
1902,겨울
1903,부터
1904,봄철
1905,까지는
1906,수도권
1907,노후
1908,경
1909,유차
1910,다닐
1911,없게
1912,된다
1913,제롬
1914,파월
1915,연
1916,준
1917,의장
1918,경기
1919,침체
1920,불사
1921,한
1922,금리
1923,인상
1924,부인
1925,하지
1926,않는다
1927,가톨릭
1928,역사상
1929,이런
1930,경우
1931,없었다
1932,한국
1933,중산층
1934,생활수준
1935,보통
1936,수준
1937,이라고
1938,응답
1939,한
1940,대부분
1941,마저
1942,정부
1943,정책
1944,만족
1945,스럽지
1946,않다고
1947,한
1948,삼성
1949,기술
1950,두고
1951,법적
1952,분쟁
1953,벌인
1954,건
1955,이번
1956,처음
1957,아니다
1958,김재환
1959,측은
1960,미국
1961,구단
1962,움직임
1963,주시
1964,했지만
1965,계약
1966,실패했다기
1967,부자
1968,지금
1969,자신
1970,이름
1971,얼굴
1972,단
1973,한번
1974,공개
1975,하지
1976,않았다
1977,문제
1978,원인
1979,마음
1980,치부
1981,해
1982,버리면
1983,아무
1984,해결
1985,할
1986,없다는
1987,말
1988,한
1989,장수
1990,운명
1991,과정
1992,이처럼
1993,상세
1994,히
1995,기술
1996,한
1997,부분
1998,다른
1999,기록
2000,어디
2001,에서도
2002,찾을
2003,없다
2004,지금
2005,같은
2006,정세
2007,새삼
2008,스럽게
2009,대와
2010,오를
2011,바로잡는다고
2012,하여
2013,허위
2014,기록
2015,조사
2016,하고
2017,도망간
2018,늙은이
2019,죽은
2020,자를
2021,밝혀내어
2022,군정
2023,정돈
2024,한다고
2025,하면
2026,또다시
2027,아전
2028,농간
2029,따르게
2030,마련
2031,므
2032,현명한
2033,수령
2034,하지
2035,말아야
2036,한다
2037,아랫사람
2038,며칠
2039,간
2040,땀나는
2041,뒷
2042,수습
2043,하고
2044,있는데
2045,정작
2046,문
2047,대통령
2048,진의
2049,확인
2050,되지
2051,않고
2052,있다
2053,한정
2054,된
2055,땅
2056,내
2057,집
2058,안마당
2059,늘리고
2060,대
2061,중공
2062,원
2063,늘리는
2064,묘수
2065,현실
2066,세계
2067,존재
2068,하지
2069,않는다
2070,재판
2071,부는
2072,씨
2073,씨
2074,관계
2075,밝히지는
2076,않았다다만
2077,상황
2078,좋지
2079,못
2080,하다
2081,이로써
2082,이미
2083,취소
2084,결정
2085,된
2086,블루
2087,베이
2088,함께
2089,아시아
2090,열릴
2091,예정
2092,이었던
2093,개
2094,대회
2095,모두
2096,사라졌다이
2097,같은
2098,상황
2099,임
2100,에도
2101,불구
2102,하고
2103,국회
2104,기업
2105,결합
2106,반대
2107,목소리
2108,나온
2109,처음
2110,아니다이
2111,법률
2112,엔
2113,내부
2114,통제
2115,위반
2116,한
2117,금융기관
2118,직원
2119,대한
2120,금감원
2121,징계
2122,담은
2123,규정
2124,없다
2125,관찰사
2126,맛있게
2127,먹고
2128,물고기
2129,이름
2130,무엇
2131,인지
2132,물었으나
2133,아무
2134,알
2135,지
2136,못
2137,반듯한
2138,건물
2139,없고
2140,다양한
2141,메뉴
2142,맛볼
2143,있는
2144,카페
2145,많지
2146,않다
2147,카드
2148,이용
2149,한
2150,자동
2151,결제
2152,납부
2153,서비스
2154,이용
2155,상승세
2156,달리
2157,고
2158,있지만
2159,지금
2160,까지는
2161,여러
2162,카드
2163,정보
2164,통합
2165,해
2166,조회
2167,할
2168,없었다
2169,수출
2170,규제
2171,일본
2172,자처
2173,한
2174,일이
2175,라며
2176,속
2177,좁게
2178,말
2179,할
2180,일이
2181,아니다
2182,조선
2183,여러
2184,기술
2185,의술
2186,가장
2187,믿을
2188,없다
2189,냉혹한
2190,글로벌
2191,자본주의
2192,숨
2193,가쁜
2194,디지털
2195,혁명
2196,시대
2197,개인
2198,기업
2199,국가
2200,온갖
2201,불안
2202,휩싸이는
2203,피
2204,할
2205,없다
2206,건강하다면
2207,선발
2208,가능한
2209,마르
2210,티
2211,네스
2212,부터
2213,잦은
2214,부상
2215,많은
2216,이닝
2217,소화
2218,하지
2219,못
2220,광복
2221,전쟁
2222,후
2223,복구
2224,시기
2225,거치면서
2226,건축
2227,쓸
2228,만
2229,한
2230,새로운
2231,재료
2232,별로
2233,없었다
2234,초비상
2235,시대
2236,발
2237,맞춰
2238,기업
2239,마다
2240,컨틴
2241,전시
2242,플랜
2243,짜기에
2244,여념
2245,없습니다
2246,밖에
2247,세대
2248,애용
2249,하는
2250,온라인
2251,유료
2252,동영상
2253,서비스
2254,얻는
2255,부가
2256,수입
2257,무시
2258,할
2259,없다
2260,감히
2261,말로
2262,할
2263,없다
2264,지난해
2265,아프리카
2266,돼지
2267,열병
2268,창궐
2269,할
2270,발생
2271,보도
2272,한
2273,건
2274,없었다
2275,그렇다면
2276,이런
2277,도전
2278,한국
2279,에서는
2280,왜
2281,안
2282,될까
2283,문제
2284,중요한
2285,대
2286,영양소
2287,에너지
2288,바꾸는
2289,작용
2290,돕는
2291,비타민
2292,미네랄
2293,이제
2294,많은
2295,양
2296,음식
2297,먹어도
2298,필
2299,요량
2300,채워줄
2301,수가
2302,없게
2303,되었다는
2304,반면
2305,임지현
2306,문학
2307,사상사
2308,대표
2309,이상문학상
2310,담당
2311,직원
2312,간담
2313,회
2314,취소
2315,공지
2316,이후
2317,전화
2318,받지
2319,않았다
2320,좋아하는
2321,반복
2322,되고
2323,시간
2324,지나면
2325,뇌
2326,식상해
2327,하며
2328,성취
2329,감은
2330,뇌
2331,활성화
2332,시키지만
2333,지
2334,속성
2335,보장
2336,하진
2337,못
2338,한다이
2339,인사
2340,왜
2341,민주당
2342,택했는
2343,지
2344,감
2345,잘
2346,안
2347,온다
2348,자외선
2349,차단
2350,제
2351,고를
2352,가장
2353,복잡한
2354,건
2355,숫자
2356,표
2357,기법
2358,인데
2359,숫자
2360,높을수록
2361,차단
2362,효과
2363,오래
2364,가는
2365,사실
2366,이지만
2367,의존
2368,해서는
2369,안된다다만
2370,덴탈
2371,마스크
2372,특성
2373,상
2374,얼굴
2375,밀착
2376,잘되지
2377,않는
2378,데
2379,다
2380,바이러스
2381,감염
2382,막
2383,없다
2384,이후
2385,장시간
2386,사이트
2387,접속
2388,원활하지
2389,않았다
2390,길쭉한
2391,쌀
2392,튀겨놓은
2393,조가
2394,비슷할
2395,조차
2396,없지
2397,않겠나
2398,올해
2399,사정
2400,별반
2401,다르지
2402,않다
2403,서울시
2404,요청
2405,대로
2406,자치구
2407,실시
2408,계획
2409,인가
2410,시행
2411,하면
2412,해당
2413,공원
2414,최
2415,장
2416,간
2417,땅
2418,소유
2419,주가
2420,개발
2421,못
2422,하게
2423,된다
2424,씨
2425,법정
2426,단순한
2427,폭언
2428,내지
2429,답답하고
2430,억울한
2431,감정
2432,표현
2433,불과할
2434,뿐
2435,협박
2436,고의
2437,없었다고
2438,주장
2439,했으나
2440,법원
2441,이를
2442,받아들이지
2443,않았다
2444,송하진
2445,전
2446,지사
2447,이용
2448,하는
2449,동안
2450,전북도청
2451,소속
2452,청경
2453,파견
2454,배치
2455,됐고
2456,조리사
2457,나
2458,관리사
2459,별도
2460,인력
2461,없다이
2462,단지
2463,준공
2464,한
2465,입주
2466,차
2467,새
2468,아파트
2469,인
2470,데
2471,다
2472,가구
2473,대
2474,단지
2475,인데
2476,한파
2477,피하
2478,지
2479,못
2480,기존
2481,제품
2482,방사성
2483,위험
2484,물질
2485,인
2486,세슘
2487,방사선
2488,매
2489,개체
2490,사용
2491,하는
2492,감마선
2493,방식
2494,의료
2495,용
2496,목적
2497,외
2498,미사
2499,용
2500,시
2501,에도
2502,방사선
2503,발생
2504,제어
2505,할
2506,없다
2507,복잡계
2508,변화
2509,예측
2510,통제
2511,극히
2512,어렵다
2513,장애인
2514,주차
2515,구역
2516,차가
2517,나올
2518,장애인
2519,꼭
2520,탑승
2521,하지
2522,않아도
2523,된
2524,다예
2525,나
2526,지금
2527,이나
2528,술김
2529,사건
2530,사고
2531,일어나는
2532,다르지
2533,않다
2534,코로나
2535,전국
2536,경제활동
2537,마비
2538,되면서
2539,각계
2540,각층
2541,구원
2542,손길
2543,끊이지
2544,않는다
2545,병법
2546,활용
2547,장수
2548,선발
2549,군사
2550,훈련
2551,정비
2552,논의
2553,조차
2554,못
2555,비밀
2556,영재
2557,죽이는
2558,우리
2559,입시
2560,제도
2561,있다
2562,흐르는
2563,시냇물
2564,남녀
2565,모여
2566,모두
2567,의관
2568,언덕
2569,놓고
2570,속옷
2571,드러내는
2572,이상하게
2573,여기
2574,지
2575,않았다
2576,고등학교
2577,내신
2578,성적
2579,좋지
2580,않았기
2581,때문
2582,서서히
2583,진행
2584,되긴
2585,하지만
2586,악화
2587,되면
2588,시력
2589,잃거나
2590,다리
2591,절단
2592,하
2593,거나
2594,혈액
2595,투석
2596,받는
2597,상황
2598,이르게
2599,되므로
2600,절대
2601,방심해서는
2602,안
2603,된다세계
2604,랭킹
2605,최근
2606,급상승
2607,해
2608,위
2609,올랐지만
2610,호시탐탐
2611,순위
2612,역전
2613,노리는
2614,경쟁자
2615,많아
2616,경계
2617,늦출
2618,없다두
2619,단지
2620,높은
2621,용적률
2622,효성
2623,차
2624,효성
2625,차
2626,인해
2627,재건축
2628,불가능하다
2629,적금
2630,가입자
2631,몰리면서
2632,하나은행
2633,공식
2634,앱
2635,하나원
2636,큐
2637,지난
2638,종일
2639,접속
2640,잘되지
2641,않았다
2642,화이트
2643,오스카
2644,란
2645,오명
2646,깨려는
2647,미국
2648,영화계
2649,감사
2650,전하
2651,잊지
2652,않았다
2653,전통
2654,유통업
2655,몰락
2656,비단
2657,한국
2658,만의
2659,현상
2660,아니다
2661,그동안
2662,불가피하게
2663,주택
2664,돼도
2665,막대
2666,한
2667,종부세
2668,납부
2669,해야
2670,하는
2671,일이
2672,종종
2673,발생
2674,해
2675,논란
2676,끊이지
2677,않았다이에
2678,따라
2679,모바일
2680,페이
2681,업체
2682,더
2683,이상
2684,운용
2685,수익
2686,창
2687,출하기
2688,어려워졌다
2689,조선
2690,자기
2691,하면
2692,달
2693,항아리
2694,대표
2695,되는
2696,백자
2697,주로
2698,떠올리지만
2699,기교
2700,적
2701,측면
2702,고려청자
2703,비교
2704,할
2705,바
2706,못
2707,된다
2708,객석
2709,독감
2710,안전지대
2711,아니다
2712,지금
2713,상황
2714,에서는
2715,농협
2716,금융
2717,지주
2718,회장
2719,자리
2720,제갈공명
2721,와도
2722,안
2723,된다
2724,그런데
2725,요즘
2726,한국
2727,눈
2728,오지
2729,않는다
2730,비슷한
2731,동
2732,수단
2733,인
2734,전기자전거
2735,현행법
2736,상
2737,안전모
2738,착용
2739,의무
2740,조항
2741,있지만
2742,범칙
2743,금은
2744,부과
2745,되지
2746,않는다
2747,왕
2748,왕비
2749,외
2750,아무
2751,대궐
2752,말
2753,이나
2754,가마
2755,탈
2756,없었다
2757,요즘
2758,사람
2759,머릿속
2760,장악
2761,하고
2762,있는
2763,노래
2764,노래
2765,아니다
2766,연
2767,계
2768,된
2769,금리
2770,다시
2771,튀어
2772,오르면서
2773,지금
2774,다시
2775,수익
2776,내고
2777,있지만
2778,더
2779,투자
2780,할
2781,없다
2782,순수했기에
2783,어리석었고
2784,가장
2785,가까운
2786,타인
2787,에게
2788,상처
2789,주는
2790,결정
2791,내렸으면서도
2792,결정
2793,충
2794,동
2795,적
2796,이었던
2797,탓
2798,스스로
2799,책임지지
2800,못
2801,하는
2802,아사코
2803,지켜보는
2804,입장
2805,에선
2806,민폐
2807,캐릭터
2808,지만
2809,우리
2810,에겐
2811,누구
2812,나
2813,아사코
2814,같은
2815,면
2816,있기에
2817,마냥
2818,비난
2819,할
2820,수만
2821,없다
2822,차량
2823,배선
2824,묶어놓은
2825,인데
2826,게
2827,간단한
2828,물건
2829,아니다
2830,수복
2831,이후
2832,경복궁
2833,재건
2834,논의
2835,되었으나
2836,성사
2837,되지
2838,못
2839,서거정
2840,필원잡기
2841,따르면
2842,황희
2843,자신
2844,집
2845,에서도
2846,성격
2847,너그러워
2848,아들
2849,손자
2850,물론
2851,종
2852,자식
2853,울부짖고
2854,장난
2855,치면
2856,서
2857,떠들어도
2858,꾸짖지
2859,않았다
2860,공식
2861,적
2862,말
2863,할
2864,없지만
2865,일본
2866,방사
2867,능
2868,문제
2869,해결
2870,되지
2871,않은
2872,보여
2873,선수단
2874,최대한
2875,오래
2876,머물지
2877,않으려
2878,한다
2879,치열한
2880,공
2881,방
2882,거쳤지만
2883,손
2884,회장
2885,함
2886,부회장
2887,모두
2888,징계
2889,피
2890,해갈
2891,없었다
2892,행복
2893,모두
2894,에게
2895,평등하고
2896,보편
2897,적
2898,이지
2899,않다면
2900,나
2901,역시
2902,행복할
2903,없다
2904,합리
2905,적
2906,이고
2907,데이터
2908,의존
2909,하며
2910,조직
2911,문제
2912,일으키는
2913,적폐
2914,용납
2915,하지
2916,못
2917,한다
2918,건
2919,현재
2920,중재
2921,부
2922,구성
2923,절차
2924,진행
2925,중이
2926,며
2927,건
2928,이전
2929,판매
2930,된
2931,차량
2932,대한
2933,이어서
2934,중재
2935,절차
2936,진행
2937,되지
2938,않았다
2939,징비록
2940,기록
2941,다르지
2942,않다
2943,사실
2944,얼핏
2945,봐
2946,서는
2947,무엇
2948,소나무
2949,인지
2950,눈잣나무
2951,인지
2952,단박
2953,구별
2954,할
2955,없었다는
2956,성능
2957,보다는
2958,환경
2959,부품
2960,이고
2961,장
2962,착해서
2963,정기
2964,적
2965,인
2966,클리닝
2967,관리
2968,하면
2969,약
2970,이상
2971,미세먼지
2972,줄인다
2973,그러나
2974,시각
2975,분
2976,자리
2977,유성우
2978,복사점
2979,고도
2980,낮아
2981,그다지
2982,관측
2983,하는
2984,데
2985,적합하지
2986,않다
2987,그러나
2988,을지문덕
2989,연개소문
2990,이순신
2991,우리
2992,전쟁
2993,영웅
2994,단
2995,한
2996,명도
2997,등장
2998,하지
2999,않으며
3000,의병
3001,활동
3002,같은
3003,외세
3004,대한
3005,자주
3006,적
3007,저항
3008,노력
3009,언급
3010,되지
3011,않는다
3012,그러나
3013,추천
3014,위
3015,신설
3016,행안부
3017,경찰
3018,길들이기
3019,방안
3020,이라는
3021,비판
3022,만
3023,만치
3024,않다하지만
3025,지금
3026,그렇게
3027,말
3028,하는
3029,사람
3030,없다
3031,그렇다고
3032,이런
3033,거대한
3034,변화
3035,무시
3036,할
3037,없다
3038,물론
3039,기생충
3040,갑자기
3041,튀어나온
3042,아니다
3043,항공기
3044,조립
3045,공정은
3046,큰
3047,틀
3048,예나
3049,지금
3050,이나
3051,달라진
3052,거의
3053,없다
3054,부산
3055,입국
3056,전
3057,자국
3058,방문
3059,하지
3060,않을
3061,예정
3062,후
3063,한국
3064,식품의약품안전처
3065,에서도
3066,살구
3067,씨
3068,복숭아
3069,씨
3070,식품
3071,원료
3072,사용
3073,금
3074,하고
3075,있다
3076,규제
3077,묶어놓았던
3078,온
3079,오프라인
3080,경계
3081,일시
3082,적
3083,사라졌으며
3084,코로나
3085,불러
3086,온
3087,나비효과
3088,어디
3089,갈지
3090,예측
3091,하기조차
3092,어렵다하지만
3093,우즈
3094,야드
3095,공식
3096,최
3097,장
3098,타가
3099,아니다
3100,수많은
3101,업체
3102,비대
3103,면
3104,본인
3105,인증
3106,시장
3107,뛰어들고
3108,있지만
3109,한
3110,플랫폼
3111,수십
3112,가지
3113,인증
3114,방식
3115,지원
3116,하는
3117,현실
3118,적
3119,매우
3120,어렵다
3121,게임
3122,도박
3123,중독
3124,도파민
3125,작용
3126,이라고
3127,하니
3128,쾌감
3129,원하는
3130,욕구
3131,결코
3132,작지
3133,않다이
3134,들의
3135,눈물
3136,겨운
3137,도전
3138,없었다면
3139,수리온
3140,헬리콥터
3141,전투기
3142,누리
3143,호
3144,발사체
3145,모두
3146,세상
3147,나오지
3148,못
3149,했을
3150,가령
3151,낮은
3152,단계
3153,스컬
3154,인
3155,미노타우루스
3156,기본
3157,공격
3158,느리지만
3159,점프
3160,공격
3161,통해
3162,즉시
3163,다수
3164,적
3165,에게
3166,피해
3167,입힐
3168,있고
3169,전방
3170,돌진
3171,하는
3172,스킬
3173,보유
3174,해
3175,성능
3176,나쁜
3177,편이
3178,아니다
3179,그래서
3180,음식물
3181,청결하지
3182,않았
3183,다솔
3184,레이
3185,마니를
3186,죽이기
3187,바로
3188,직전
3189,마크
3190,에스퍼
3191,미
3192,국방
3193,장관
3194,북한
3195,오늘
3196,밤
3197,이라도
3198,싸울
3199,준비
3200,돼
3201,있다고
3202,한
3203,말
3204,빈말
3205,아닌
3206,내
3207,원산
3208,지나다가
3209,명태
3210,더미
3211,보았는데
3212,한강
3213,쌓인
3214,땔나무
3215,처럼
3216,많아
3217,숫자
3218,헤아릴
3219,없었다
3220,어느
3221,정당
3222,빽
3223,없는
3224,서점
3225,주인
3226,이나
3227,치킨
3228,집
3229,사장
3230,인재
3231,영
3232,입하
3233,지
3234,않는다
3235,또
3236,진상
3237,밝혀질
3238,죄인
3239,살아야
3240,하고
3241,가족
3242,죄인
3243,취급
3244,받는
3245,현실
3246,견딜
3247,수가
3248,없다며
3249,솔직한
3250,심정
3251,으로는
3252,실명
3253,곡명
3254,하루빨리
3255,오픈
3256,해
3257,알
3258,고
3259,전
3260,국민
3261,에게
3262,궁금증
3263,해소
3264,해줬으면
3265,한다고
3266,다시
3267,한번
3268,결백
3269,주장
3270,폐업
3271,하
3272,데도
3273,돈
3274,들여야
3275,하고
3276,빚
3277,밖에
3278,남지
3279,않았다는
3280,소상
3281,공인
3282,한숨
3283,소리
3284,전혀
3285,낯선
3286,게
3287,아니다
3288,하이브
3289,아티스트
3290,실적
3291,강세
3292,에도
3293,하이브
3294,엔터테인먼트
3295,상황
3296,좋지
3297,않다
3298,선
3299,속지
3300,않는
3301,거
3302,예요
3303,물론
3304,수당
3305,더
3306,주는
3307,없었다하지만
3308,만
3309,해도
3310,회장
3311,진영
3312,마음
3313,편하게
3314,웃
3315,없었다
3316,미리
3317,정해진
3318,퇴직
3319,급여
3320,받게
3321,된다는
3322,점
3323,기존
3324,퇴직금
3325,제도
3326,크게
3327,다르지
3328,않다
3329,사우샘프턴
3330,올
3331,시즌
3332,위
3333,안팎
3334,처져
3335,있었으며
3336,개
3337,팀
3338,가운데
3339,실
3340,점점이
3341,두
3342,번
3343,째
3344,높을
3345,정도
3346,수비
3347,력
3348,좋지
3349,않은
3350,팀
3351,이지만
3352,토트넘
3353,승점
3354,물론
3355,득점
3356,올
3357,리지
3358,못
3359,신당
3360,라면
3361,문자
3362,그대로
3363,뭔가
3364,새로워야
3365,하는데
3366,그런
3367,게
3368,보이지
3369,않는다
3370,국가
3371,관계
3372,어렵다고
3373,양국
3374,협력
3375,해
3376,서로
3377,도움
3378,주고받을
3379,있는
3380,기회
3381,접
3382,이유
3383,없다
3384,중생
3385,복
3386,절의
3387,중창
3388,위
3389,한
3390,행사
3391,였으니
3392,당연히
3393,서산대사
3394,진법
3395,군
3396,고를
3397,맞은
3398,마을
3399,에서는
3400,시주
3401,아끼지
3402,않았을
3403,앞서
3404,회사
3405,두
3406,차례
3407,에도
3408,한
3409,차례
3410,매각
3411,추진
3412,했지만
3413,실패한
3414,바
3415,있다
3416,계층
3417,이동
3418,사다리
3419,끊겼고
3420,공정
3421,정의
3422,모토로
3423,한
3424,촛불
3425,정권
3426,출범
3427,에도
3428,빈부
3429,격차
3430,나아지지
3431,않고
3432,있다
3433,박탈
3434,성
3435,건선
3436,은백색
3437,각질
3438,붉은
3439,반점
3440,전신
3441,나타나는데
3442,건선
3443,심한
3444,형태
3445,건선
3446,치료
3447,받아도
3448,예후
3449,좋지
3450,않다고
3451,한
3452,다도
3453,사견
3454,같은
3455,맹견
3456,이나
3457,맹금류
3458,건강
3459,문제
3460,있거나
3461,임신
3462,한
3463,암컷
3464,태울
3465,없다
3466,피토
3467,바이러스
3468,발견
3469,한
3470,연
3471,구
3472,팀
3473,일원
3474,인
3475,장
3476,미셸
3477,클라베
3478,리
3479,프랑스
3480,악스
3481,마르세유
3482,대
3483,교수
3484,논문
3485,통해
3486,지구
3487,온난화
3488,인해
3489,영구동토
3490,나
3491,빙하
3492,녹으면
3493,속
3494,들어
3495,있던
3496,원시
3497,미생물
3498,다시
3499,부활
3500,할
3501,있다며
3502,우리
3503,모르는
3504,신종
3505,바이러스
3506,잠재
3507,적
3508,위협
3509,대비
3510,해야
3511,한다고
3512,강조
3513,했습니다
3514,분진
3515,보호
3516,가능하지만
3517,오일
3518,미스트
3519,대한
3520,보호
3521,불가능하다
3522,미술상
3523,편집
3524,상
3525,만
3526,수상
3527,불발
3528,됐다
3529,디폴트
3530,옵션
3531,도입
3532,되더라도
3533,즉시
3534,적용
3535,되는
3536,아니다
3537,수정체
3538,뿌옇게
3539,변하는
3540,심한
3541,경우
3542,아니라면
3543,육안
3544,확인
3545,하기
3546,쉽지
3547,않다
3548,실제
3549,왕건
3550,할아버지
3551,인
3552,작제건
3553,이전
3554,부계
3555,조상
3556,기록
3557,전혀
3558,전해지지
3559,않는다소
3560,상공
3561,인
3562,돈
3563,잘
3564,벌기란
3565,참으로
3566,힘들다
3567,매우
3568,높다는
3569,답
3570,채
3571,안
3572,된다
3573,먼저
3574,시판
3575,중인
3576,이산화염소
3577,이용
3578,해
3579,신종
3580,코로나바이러스
3581,감염증
3582,코로
3583,나
3584,차단
3585,한다는
3586,이른바
3587,코로나
3588,예방
3589,용
3590,목걸이
3591,효과
3592,전혀
3593,입증
3594,되지
3595,않았다시
3596,녀
3597,나이
3598,어리고
3599,귀하신
3600,몸
3601,이라
3602,혼자
3603,하지
3604,못
3605,한다고
3606,했지만
3607,끝내
3608,허락
3609,하지
3610,않았다
3611,최악
3612,상황
3613,피
3614,했지만
3615,그동안
3616,입은
3617,피해
3618,복구
3619,하기는
3620,어렵다만
3621,세
3622,이상인
3623,연예인
3624,대학원
3625,진학
3626,이나
3627,기관
3628,홍보
3629,대사
3630,임명
3631,이유
3632,군
3633,입대
3634,피
3635,할
3636,없게
3637,된
3638,호재
3639,맞은
3640,한국
3641,지방자치단체
3642,이를
3643,놓칠
3644,리
3645,없다하지만
3646,문재인
3647,정부
3648,산업
3649,정책
3650,잘
3651,보이지
3652,않고
3653,노동
3654,정책
3655,우선
3656,시
3657,한다는
3658,인상
3659,지우기
3660,힘들다하지만
3661,이런
3662,분위기
3663,만으로
3664,유령
3665,사라질
3666,이라는
3667,설익은
3668,기대는
3669,금물
3670,현대차
3671,뿐
3672,아니다
3673,기생충
3674,날
3675,각본
3676,상과
3677,감독
3678,상
3679,후보
3680,에도
3681,이름
3682,올렸으나
3683,수상
3684,연결
3685,되지는
3686,않았다
3687,주춧돌
3688,기
3689,왓
3690,장
3691,만
3692,남아
3693,있던
3694,도솔암
3695,지금
3696,으로부터
3697,약
3698,여
3699,전
3700,부터
3701,뜻
3702,있는
3703,스님
3704,복원
3705,시도
3706,있었으나
3707,결국
3708,뜻
3709,이루지
3710,못
3711,했다두
3712,한
3713,갑자기
3714,큰
3715,돈
3716,빌려야
3717,할
3718,도와줄
3719,아무
3720,없다고
3721,특히
3722,청와대
3723,나
3724,정부
3725,고위
3726,급
3727,공급
3728,충분하다고
3729,말
3730,하면
3731,실무
3732,진
3733,에선
3734,공급
3735,늘릴
3736,명분
3737,그럴
3738,필요
3739,없어진다
3740,혹
3741,여
3742,중국
3743,사들여
3744,온
3745,철
3746,제품
3747,손상
3748,되면
3749,조선
3750,에서는
3751,이를
3752,다시
3753,단련하지
3754,못
3755,이런
3756,조치
3757,비롯
3758,된
3759,풍선
3760,효과
3761,홍콩
3762,보험사
3763,자산
3764,가가
3765,많으면서
3766,통화
3767,가치
3768,불안한
3769,한국
3770,겨냥
3771,본토
3772,영업
3773,공백
3774,메우려
3775,했다는
3776,해석
3777,나온다
3778,더불어
3779,시민
3780,당
3781,참여
3782,한
3783,정당
3784,선거
3785,이상
3786,지지
3787,받을
3788,있는
3789,정당
3790,라면
3791,문제
3792,없지만
3793,그런
3794,수준
3795,지지
3796,받기
3797,어렵다면
3798,오히려
3799,표심
3800,과대
3801,대표
3802,되는
3803,현상
3804,나타난다
3805,뉴턴
3806,사례
3807,극명하게
3808,말
3809,해주듯
3810,우리
3811,거품
3812,속
3813,거품
3814,볼
3815,없다
3816,부영
3817,측은
3818,별다른
3819,입장
3820,없다고
3821,했지만
3822,용산구
3823,실시
3824,계획
3825,인가
3826,두고
3827,제의
3828,소송
3829,제기
3830,할
3831,가능성
3832,배제
3833,할
3834,없다
3835,김
3836,감독
3837,지난달
3838,말
3839,소집
3840,명단
3841,발표
3842,한
3843,뒤
3844,이강인
3845,발렌시아
3846,백승호
3847,다름슈타트
3848,어리고
3849,경험
3850,많은
3851,선수
3852,자리
3853,비워놨지만
3854,소
3855,속
3856,팀
3857,협의
3858,되지
3859,않아
3860,선수
3861,쓸
3862,없게
3863,됐다
3864,바야흐로
3865,뇌
3866,대한
3867,이해
3868,인간
3869,대한
3870,이해
3871,이끄는
3872,시대
3873,접어
3874,들고
3875,있다
3876,배달
3877,앱
3878,플랫폼
3879,통한
3880,배달
3881,이라는
3882,신
3883,개념
3884,바탕
3885,새로운
3886,시장
3887,다양한
3888,혁신
3889,창
3890,출하
3891,고
3892,있는데
3893,이런
3894,측면
3895,무시
3896,해서는
3897,안
3898,된다
3899,최근
3900,들어
3901,운동신경
3902,둔해져
3903,몸
3904,생각
3905,대로
3906,잘
3907,움직여지지
3908,않는다
3909,밥
3910,먹은
3911,뒤
3912,즉시
3913,눕거나
3914,종일
3915,가만히
3916,앉아
3917,있어서는
3918,안
3919,된다
3920,문학계
3921,성공한
3922,편집자
3923,이기도
3924,한
3925,권
3926,넘는
3927,책
3928,손수
3929,꿰맸고
3930,세계
3931,문학
3932,간극
3933,좁히기에
3934,게으른
3935,적
3936,없다
3937,넥슨
3938,대표
3939,이정헌
3940,매년
3941,개최
3942,하는
3943,국내
3944,최대
3945,게임
3946,지식
3947,공유
3948,행사
3949,넥슨
3950,개발자
3951,콘퍼런스
3952,신종
3953,코로나바이러스
3954,감염증
3955,코로나
3956,우려
3957,잠정
3958,연기
3959,됐다지난
3960,아카데미
3961,남우
3962,조
3963,연상
3964,후보
3965,몽키
3966,즈
3967,지난
3968,벤자민
3969,버튼
3970,시간
3971,거꾸로
3972,간다
3973,머니볼
3974,남우
3975,주연
3976,상
3977,후보
3978,올랐던
3979,브래드
3980,피트
3981,아쉽게도
3982,아카데미
3983,연기상
3984,인연
3985,맺지
3986,못
3987,무제한
3988,용어
3989,붙은
3990,조치
3991,외환위기
3992,나
3993,금융위기
3994,전례
3995,없습니다
3996,첫
3997,홀
3998,에서는
3999,퍼터
4000,필요
4001,없었다이
4002,들은
4003,각각
4004,시간
4005,시간
4006,초과근무
4007,했는데도
4008,시간
4009,외
4010,근
4011,무수
4012,당
4013,받지
4014,못
4015,여름
4016,눈부신
4017,계절
4018,하지만
4019,여름철
4020,눈부심
4021,가볍게만
4022,봐
4023,서는
4024,안
4025,된다
4026,피닉스
4027,이전
4028,에도
4029,영화
4030,글래디에이터
4031,앙코르
4032,마스터
4033,세
4034,번
4035,후보
4036,올랐으나
4037,모두
4038,수상
4039,실패했다
4040,특히
4041,후반전
4042,선취
4043,점
4044,넣은
4045,미들즈브러
4046,수비
4047,강화하면서
4048,제대로
4049,된
4050,슈팅
4051,조차
4052,날리지
4053,못
4054,묘족
4055,군대
4056,겁
4057,질려
4058,쉽게
4059,나서지
4060,못
4061,패스트푸드
4062,대표
4063,적
4064,인
4065,박리다
4066,매
4067,업종
4068,보니
4069,인건비
4070,더
4071,주고
4072,직원
4073,충
4074,원하기가
4075,구조
4076,적
4077,쉽지
4078,않다한
4079,한
4080,령
4081,법적
4082,인
4083,근거
4084,나
4085,정책
4086,적
4087,뿌리
4088,있는
4089,조치
4090,아니다
4091,모바일
4092,페이
4093,은행
4094,계좌
4095,연결
4096,된
4097,특성
4098,상
4099,중국
4100,은행
4101,망
4102,거치
4103,지
4104,않는
4105,해외
4106,결제
4107,여전히
4108,어려움
4109,있다
4110,코로나
4111,경제
4112,주는
4113,충격
4114,현재
4115,단계
4116,에서는
4117,섣불리
4118,가늠
4119,하기
4120,어려울
4121,같다
4122,이후
4123,삼
4124,성
4125,전자
4126,만원
4127,대
4128,머물렀고
4129,만
4130,전자
4131,오명
4132,벗지
4133,못
4134,하고
4135,있다훗날
4136,임기
4137,마치
4138,고
4139,새벽
4140,일찍
4141,김안로
4142,집
4143,가서
4144,인사
4145,청
4146,하는데
4147,김안로
4148,대꾸
4149,조차
4150,하지
4151,않았다
4152,만약
4153,그랬다면
4154,수십
4155,사용
4156,해도
4157,끄
4158,떡
4159,없는
4160,가방
4161,만들지도
4162,않았을
4163,테
4164,다
4165,봉사활동
4166,특기
4167,사항
4168,없이
4169,실적
4170,만
4171,기재
4172,할
4173,있고
4174,소논문
4175,활동
4176,학생
4177,부
4178,모든
4179,항목
4180,아예
4181,기재
4182,할
4183,없다이에
4184,공주
4185,곧장
4186,대청
4187,들어가서
4188,의자
4189,앉아서
4190,말
4191,하기를
4192,나
4193,왕
4194,딸
4195,내
4196,비록
4197,죄
4198,있어
4199,정배
4200,되었지만
4201,어찌
4202,수령
4203,따위
4204,감히
4205,나
4206,에게
4207,관비
4208,시키는가
4209,하여
4210,결국
4211,시키지
4212,못
4213,상당수
4214,치즈
4215,중국
4216,비롯
4217,한
4218,후발
4219,주자
4220,가져갔으며
4221,남겨진
4222,치즈
4223,많지
4224,않다
4225,아쉽지만
4226,남이섬
4227,시
4228,니
4229,처
4230,감성
4231,이끌었던
4232,겨울연가
4233,설렘과
4234,감동
4235,찾기
4236,쉽지
4237,않다는
4238,카페나
4239,바
4240,주는
4241,힘
4242,아니다
4243,최근
4244,간
4245,퇴직
4246,연금
4247,수익률
4248,연
4249,넘어선
4250,적
4251,거의
4252,없다
4253,이쯤
4254,되면
4255,신하
4256,대개
4257,역린
4258,건드릴까
4259,두려워
4260,물러서는데
4261,조경
4262,그렇지
4263,않았다이에
4264,이웃
4265,사는
4266,노인
4267,국상
4268,신정왕후
4269,기
4270,상
4271,만나
4272,국법
4273,저촉
4274,되는
4275,해서는
4276,안
4277,된다고
4278,타
4279,일렀지만
4280,아랑곳
4281,하지
4282,않았다세
4283,되던
4284,선조
4285,진
4286,사시
4287,합격
4288,하지만
4289,공부
4290,충분하지
4291,못
4292,했는지
4293,대과
4294,끝내
4295,급제
4296,하지
4297,못
4298,코스
4299,고행
4300,길은
4301,이름
4302,그대로
4303,시간
4304,분
4305,걸어야
4306,하는
4307,만
4308,만치
4309,않는
4310,코스
4311,다
4312,예비
4313,저
4314,감
4315,조치
4316,시행
4317,미세먼지
4318,저
4319,감
4320,관리
4321,관
4322,한
4323,특별법
4324,따라
4325,배출
4326,가스
4327,등급
4328,차량
4329,운행
4330,제한
4331,시행
4332,되지
4333,않는다
4334,이로써
4335,간첩
4336,활동
4337,중단
4338,돼
4339,명나라
4340,구원병
4341,도착
4342,했다는
4343,정보
4344,왜군
4345,들어가지
4346,않았다
4347,편의점
4348,연세대학교
4349,연
4350,세
4351,우유
4352,손잡고
4353,지난
4354,선보인
4355,연세
4356,생크림
4357,빵
4358,종
4359,기세
4360,예사롭지
4361,않다
4362,둔촌
4363,주
4364,공
4365,재건축
4366,조합
4367,지난
4368,말
4369,부터
4370,반
4371,분양
4372,사전
4373,협의
4374,해왔으나
4375,절충
4376,점
4377,찾지
4378,못
4379,반도체
4380,소재
4381,육성
4382,하려고
4383,해도
4384,마땅한
4385,기업
4386,없었다
4387,대신
4388,증권
4389,투자자
4390,피해
4391,거의
4392,없었다
4393,기생충
4394,날
4395,각본
4396,상과
4397,감독
4398,상
4399,후보
4400,에도
4401,이름
4402,올렸으나
4403,수상
4404,연결
4405,되지는
4406,않았다
4407,퇴직
4408,후
4409,에도
4410,한국
4411,방재
4412,협회
4413,회장
4414,지내는
4415,토목
4416,인연
4417,놓지
4418,않았다
4419,웹사이트
4420,아닌
4421,크립
4422,토
4423,데이터
4424,플랫폼
4425,스큐
4426,따르면
4427,백트
4428,옵션
4429,지난
4430,간
4431,거래
4432,되지
4433,않았다
4434,그간
4435,골든글로브
4436,아시아
4437,콘텐츠
4438,대한
4439,관심
4440,크지
4441,않았다
4442,연봉
4443,억원
4444,넘는
4445,근로자
4446,환급
4447,액
4448,평균
4449,만원
4450,이르렀
4451,고
4452,가운데
4453,결정
4454,세액
4455,없어
4456,근로
4457,소득세
4458,물
4459,지
4460,않았다
4461,그러나
4462,이는
4463,정확하지
4464,않다
4465,산업
4466,태
4467,동기
4468,라는
4469,당시
4470,시대
4471,상
4472,감안
4473,하더라도
4474,정부
4475,게임
4476,지닌
4477,생산
4478,성
4479,대해
4480,서는
4481,이렇다
4482,할
4483,고찰
4484,갖고
4485,있지
4486,않은
4487,시기
4488,였
4489,다미
4490,부사
4491,장
4492,하이
4493,이용
4494,한
4495,반도체
4496,양산
4497,시기
4498,밝히지
4499,않았습니다
4500,이는
4501,지구
4502,두
4503,바퀴
4504,반
4505,해당
4506,하는
4507,실로
4508,엄청난
4509,길이
4510,아닐
4511,없다하지만
4512,진짜
4513,잘
4514,해주지는
4515,마
4516,지금
4517,한반도
4518,남쪽
4519,명태
4520,살
4521,지
4522,않는다
4523,요즘
4524,기능
4525,성
4526,인정받은
4527,제품
4528,광고
4529,통해
4530,알릴
4531,있게
4532,되었지만
4533,당시
4534,아예
4535,광고
4536,할
4537,없었다다만
4538,인플루엔자
4539,같은
4540,다른
4541,호흡기
4542,바이러스
4543,감염
4544,태아
4545,저체중
4546,조산
4547,초래
4548,할
4549,있다는
4550,점
4551,감안
4552,하면
4553,임산부
4554,코로나
4555,확
4556,진자
4557,경우
4558,신생아
4559,미치는
4560,위험
4561,간과
4562,할
4563,없다
4564,현장
4565,근로자
4566,교대
4567,근무
4568,하면
4569,되지만
4570,감독
4571,인력
4572,부족하기
4573,때문
4574,교대
4575,할
4576,없는
4577,상황
4578,많았다
4579,중국
4580,예외
4581,없다
4582,물론
4583,유교
4584,국가
4585,불교
4586,심취
4587,한다는
4588,비판
4589,있었지만
4590,효령대군
4591,대해
4592,세종
4593,우애
4594,있고
4595,공손하게
4596,대접
4597,해
4598,문제
4599,되지
4600,않았다
4601,문제
4602,개
4603,단체
4604,동시
4605,앰프
4606,영상
4607,이용
4608,한
4609,확성기
4610,집회
4611,경쟁
4612,적
4613,벌였기
4614,때문
4615,경찰
4616,단체
4617,마다
4618,소음
4619,수준
4620,측정
4621,하기
4622,어려웠다는
4623,점
4624,이명박정부
4625,에서도
4626,당시
4627,한나라당
4628,국민
4629,힘
4630,전신
4631,정부
4632,유류
4633,세
4634,내릴
4635,있도록
4636,합의
4637,하기도
4638,했으나
4639,법률
4640,개정
4641,되지
4642,않았다
4643,설령
4644,죽이더라도
4645,살인죄
4646,적용
4647,되지는
4648,않았다
4649,배우
4650,동선
4651,대사
4652,연기
4653,세밀
4654,하게
4655,조율
4656,한
4657,섬세한
4658,연출
4659,라이브
4660,밴드
4661,신나는
4662,음악
4663,분
4664,이라는
4665,공연
4666,시간
4667,믿기지
4668,않을
4669,정도
4670,정부
4671,상병
4672,수당
4673,도입
4674,위
4675,한
4676,재원
4677,마련
4678,계획
4679,구체화
4680,하지
4681,못
4682,했다거의
4683,개월
4684,긴
4685,시간
4686,동안
4687,두
4688,계절
4689,배우
4690,함께
4691,구룡포
4692,보냈어요
4693,곳
4694,그립
4695,기도
4696,해
4697,요
4698,모든
4699,배우
4700,너무
4701,많은
4702,위로
4703,받은
4704,작품
4705,이었습니다
4706,또다시
4707,동백꽃
4708,같은
4709,드라마
4710,얼른
4711,만들어지길
4712,바라면서
4713,저
4714,열심히
4715,하겠습니다
4716,라는
4717,수상
4718,소감
4719,공감
4720,하지
4721,않을
4722,팬
4723,없었을
4724,단편
4725,다큐멘터리
4726,부문
4727,후보
4728,오른
4729,이승준
4730,감독
4731,부재
4732,기억
4733,안타깝게
4734,수상하지
4735,못
4736,오랜
4737,내전
4738,전쟁
4739,경험
4740,풍부한
4741,데
4742,다
4743,조총
4744,이라는
4745,신
4746,무기
4747,무장
4748,한
4749,왜군
4750,조선군
4751,상대
4752,되지
4753,못
4754,또
4755,장르
4756,최대
4757,난
4758,제인
4759,핵
4760,방지
4761,대책
4762,세워
4763,지형
4764,지물
4765,투시
4766,핵
4767,방지
4768,하기
4769,위해
4770,적
4771,시야
4772,들어오기
4773,전
4774,이용자
4775,위치
4776,생략
4777,하는
4778,전장
4779,안개
4780,시스템
4781,적용
4782,했고
4783,모든
4784,게임
4785,서버
4786,권한
4787,실행
4788,되게
4789,설정
4790,해
4791,특정
4792,이용자
4793,임의
4794,부정행위
4795,할
4796,없게
4797,했
4798,다날
4799,저물
4800,무렵
4801,다시
4802,모여
4803,가족
4804,찾아보니
4805,큰딸
4806,막내딸
4807,노비
4808,셋
4809,간
4810,곳
4811,알
4812,없었다하지만
4813,모든
4814,부품
4815,소재
4816,한국
4817,만들
4818,없다
4819,신종
4820,코로나바이러스
4821,감염증
4822,우한
4823,폐렴
4824,사태
4825,수습
4826,내
4827,정상화
4828,힘써야
4829,할
4830,중국
4831,미국
4832,약속
4833,한
4834,억
4835,달러
4836,약
4837,조원
4838,추가
4839,구매
4840,제대로
4841,이행
4842,하기는
4843,어려울
4844,다만
4845,회사
4846,유급
4847,휴가
4848,지원
4849,하는
4850,기간
4851,상병
4852,수당
4853,받지
4854,못
4855,한다세계
4856,위인
4857,고
4858,진영
4859,박성현
4860,따라
4861,잡기
4862,너무
4863,멀리
4864,있고
4865,세계
4866,위
4867,김세영
4868,세계
4869,위
4870,이정은
4871,넘는
4872,결코
4873,만
4874,만치
4875,않다
4876,발음
4877,어눌해지고
4878,말
4879,조리
4880,있게
4881,안
4882,된다
4883,기후변화
4884,영향
4885,평가
4886,대상
4887,신재생에너지
4888,발전
4889,사업
4890,제외
4891,되면
4892,기존
4893,탄소
4894,흡수
4895,원
4896,얼마나
4897,줄어드는지에
4898,대해
4899,과학
4900,적
4901,이고
4902,객관
4903,적
4904,인
4905,접근
4906,불가능해진다
4907,점막
4908,혈관
4909,내
4910,벽
4911,회복
4912,되지
4913,않으면
4914,건선
4915,뿐
4916,아니라
4917,피부
4918,나타나는
4919,다른
4920,질환
4921,근본
4922,적
4923,치료
4924,될
4925,없다
4926,그리고
4927,호랑이
4928,배
4929,갈라
4930,남편
4931,뼈
4932,살
4933,끌어내어
4934,장사
4935,치러주니
4936,부인
4937,감격
4938,하여
4939,눈물
4940,그칠
4941,줄
4942,몰랐다
4943,하멜
4944,보기
4945,조선인
4946,해외
4947,대한
4948,지식
4949,태국
4950,벗어나지
4951,못
4952,한다고
4953,반도체
4954,업계
4955,높은
4956,인력
4957,수요
4958,에도
4959,불구
4960,하고
4961,특성화고
4962,에선
4963,그동안
4964,반도체
4965,관련
4966,교육
4967,깊이
4968,있게
4969,이뤄지지
4970,않았다
4971,삼성
4972,디스플레이
4973,직원
4974,대해
4975,선
4976,영업비밀
4977,빼내려는
4978,의도
4979,있다고
4980,단정
4981,지
4982,없다고
4983,봤
4984,다차
4985,바퀴
4986,절반
4987,이상
4988,파묻혀
4989,운전자
4990,힘
4991,으로는
4992,갯벌
4993,나오기
4994,어려워
4995,보인다하지만
4996,자전거
4997,탄
4998,아이
4999,우회
5000,전
5001,구간
5002,차
5003,앞
5004,막고
5005,아저씨
5006,왜
5007,따라다녀
5008,요
5009,라고
5010,물었고
5011,차
5012,운전자
5013,우회
5014,전해
5015,야
5016,해
5017,나와라
5018,고
5019,답
5020,했지만
5021,자전거
5022,차
5023,앞
5024,막고
5025,비키
5026,지
5027,않았다
5028,굽거나
5029,국
5030,끓이더라도
5031,고약한
5032,냄새
5033,사라지지
5034,않았다하지만
5035,맥
5036,레이
5037,그때
5038,중국
5039,중앙
5040,집권
5041,적
5042,정치
5043,체제
5044,유지
5045,할
5046,생각
5047,하기는
5048,어렵다고
5049,이제
5050,한국인
5051,서로
5052,간
5053,생각
5054,차이
5055,대화
5056,타협
5057,아니라
5058,폭력
5059,해소
5060,하는
5061,길목
5062,서
5063,있다
5064,일본
5065,찍은
5066,책판
5067,문자
5068,자획
5069,정연
5070,하여
5071,우리나라
5072,과는
5073,비교
5074,되지
5075,않는다
5076,중국
5077,우한
5078,발생
5079,돼
5080,전
5081,세계
5082,적
5083,번지
5084,고
5085,있는
5086,신종
5087,코로나바이러스
5088,감염증
5089,우한
5090,폐렴
5091,여파
5092,아시아
5093,열리기로
5094,계획
5095,되었던
5096,미국
5097,여자
5098,프로
5099,골프
5100,투어
5101,개
5102,대회
5103,모두
5104,취소
5105,됐다
5106,비타민
5107,장
5108,내부
5109,표면
5110,있는
5111,수용체
5112,흡수
5113,되기
5114,때문
5115,곳
5116,이상
5117,생기
5118,면
5119,체내
5120,충분히
5121,흡수
5122,되지
5123,못
5124,한다세기
5125,초반
5126,유럽
5127,지금
5128,처럼
5129,근사한
5130,곳
5131,아니었다
5132,그러나
5133,우리
5134,옳고
5135,너희
5136,악해라는
5137,본질
5138,변하지
5139,않는다이에
5140,삼성
5141,전자
5142,하이닉스
5143,근무
5144,한
5145,이력
5146,있는
5147,전문
5148,인력
5149,수억
5150,원
5151,연봉
5152,포기
5153,하고
5154,후학
5155,양성
5156,위해
5157,대학
5158,자리
5159,옮길
5160,유인
5161,없다
5162,국회
5163,안
5164,하는
5165,이야
5166,새삼
5167,스럽지도
5168,않다세
5169,정제
5170,남아
5171,있는
5172,편의점
5173,거의
5174,없었다
5175,장자
5176,공자
5177,처럼
5178,정치
5179,무대
5180,찾아
5181,헤매지도
5182,않았고
5183,묵자
5184,처럼
5185,세상
5186,개혁
5187,하고자
5188,하지도
5189,않았다
5190,지난해
5191,하반기
5192,누구
5193,보다
5194,뜨거운
5195,샷
5196,날렸던
5197,김세영
5198,여유롭지
5199,못
5200,하다
5201,무릇
5202,쌀
5203,내어
5204,흉년
5205,극복
5206,하는
5207,풍
5208,아름다운
5209,풍속
5210,숭상
5211,하는
5212,속
5213,하니
5214,진납
5215,곡식
5216,이나
5217,재물
5218,국가
5219,자진
5220,해서
5221,바치는
5222,하는
5223,과는
5224,같지
5225,않습니다
5226,많은
5227,양
5228,야채
5229,과일
5230,섭취
5231,해도
5232,미량
5233,영양소
5234,필
5235,요량
5236,채워줄
5237,없는
5238,상황
5239,인데
5240,여기
5241,육류
5242,흰
5243,쌀밥
5244,흰
5245,밀가루
5246,위주
5247,식생활
5248,계속
5249,하면
5250,혈관
5251,그리
5252,오래
5253,버티지
5254,못
5255,한다이는
5256,낮은
5257,신작
5258,흥행
5259,확률
5260,낮은
5261,수익률
5262,무관
5263,하지
5264,않다
5265,비타민
5266,적정
5267,수준
5268,이상
5269,유지
5270,하는
5271,면역
5272,력
5273,키울
5274,있지만
5275,코로나
5276,예방
5277,과의
5278,연관
5279,성은
5280,검증
5281,되지
5282,않았다두
5283,나라
5284,모두
5285,농구
5286,강국
5287,높이
5288,열세
5289,인
5290,한국
5291,승리
5292,할
5293,가능성
5294,높지
5295,않다
5296,주민
5297,민원
5298,듣고
5299,지역구
5300,행사
5301,가느라
5302,국회의원
5303,기본
5304,업무
5305,인
5306,상임
5307,위원회
5308,참석
5309,하지
5310,못
5311,하기도
5312,한다
5313,왕비
5314,차림
5315,화려하지
5316,않았다하지만
5317,큰
5318,수익
5319,이어지지는
5320,않았다
5321,여기
5322,서
5323,아들
5324,선조
5325,총애
5326,한
5327,의안군
5328,인지
5329,아니면
5330,이전
5331,태어났으나
5332,어린
5333,시절
5334,사망
5335,한
5336,왕자
5337,인
5338,지는
5339,파악
5340,되지
5341,않는다
5342,트로트
5343,큰
5344,인기
5345,모은
5346,송가
5347,인
5348,노래
5349,아니다
5350,숙박
5351,만
5352,만치
5353,않지만
5354,관람
5355,어렵지
5356,않다
5357,사법부
5358,칼
5359,없고
5360,지갑
5361,없다
5362,미국
5363,떠난
5364,한국
5365,다시
5366,돌아올
5367,생각
5368,하지
5369,못
5370,했
5371,다형
5372,디폴트
5373,옵션
5374,전혀
5375,상관
5376,없습니다
5377,현재
5378,밤
5379,고열
5380,이나
5381,호흡기
5382,증상
5383,발현
5384,했을
5385,갈
5386,곳
5387,별로
5388,없습니다
5389,단
5390,사업자
5391,등록
5392,신청
5393,관련
5394,당국
5395,승인
5396,거부
5397,시
5398,수수료
5399,환불
5400,되지
5401,않는다
5402,평상시
5403,처럼
5404,활발하게
5405,활동
5406,할
5407,없지만
5408,과도
5409,한
5410,소비
5411,위축
5412,경제
5413,악
5414,영향
5415,미친다는
5416,점
5417,바람직하지
5418,않다
5419,구강
5420,청
5421,결제
5422,세균
5423,소독
5424,목적
5425,이며
5426,치아
5427,사이
5428,낀
5429,음식물
5430,찌꺼기
5431,나
5432,플라크
5433,제거
5434,할
5435,없기
5436,때문
5437,그렇다
5438,해도
5439,배달
5440,앱
5441,서비스
5442,혁신
5443,막아서는
5444,안
5445,된다
5446,티켓파워
5447,지닌
5448,영화감독
5449,제작사
5450,병행
5451,해서
5452,수익
5453,극대
5454,화함과
5455,달리
5456,별도
5457,사업
5458,펼치지
5459,않는다
5460,온라인게임
5461,달리
5462,짧은
5463,수명
5464,탓
5465,중소
5466,규모
5467,기업
5468,오래
5469,버티
5470,기도
5471,힘들었다
5472,치료
5473,제
5474,없다고
5475,치료법
5476,없는
5477,아니다
5478,한국
5479,여자
5480,프로
5481,골프
5482,투어
5483,호쾌
5484,한
5485,스윙
5486,갖고
5487,있는
5488,선수
5489,로는
5490,프로
5491,골퍼
5492,이소영
5493,롯데
5494,빼놓을
5495,없습니다
5496,이는
5497,정의당
5498,같은
5499,정당
5500,피해
5501,볼
5502,밖에
5503,없
5504,음
5505,의미
5506,한다
5507,그렇지만
5508,구
5509,도심
5510,정비사
5511,업은
5512,말
5513,처럼
5514,금세
5515,진행
5516,되는
5517,아니다이
5518,소설
5519,눈길
5520,빼면
5521,아무
5522,남지
5523,않는다
5524,숙모
5525,억울한
5526,사정
5527,관청
5528,고
5529,했지만
5530,형조
5531,사헌부
5532,모두
5533,홍윤성
5534,권세가
5535,두려워
5536,사건
5537,맡으려
5538,하지
5539,않았다내
5540,똥손
5541,없는
5542,공간
5543,새로
5544,만들
5545,없다
5546,나아가
5547,지배
5548,층
5549,인
5550,유자
5551,도태
5552,시켜야
5553,한다는
5554,혁명
5555,적
5556,발언
5557,서슴지
5558,않았다이에
5559,연구
5560,위원
5561,발령
5562,받은
5563,고위
5564,간부
5565,사표
5566,제출
5567,하는
5568,경우
5569,적지
5570,않았다다만
5571,보호자
5572,용
5573,표지
5574,붙인
5575,차가
5576,장애인
5577,탑승
5578,한
5579,상태
5580,주차
5581,하고
5582,장시간
5583,주차
5584,하는
5585,행위
5586,단속
5587,대상
5588,아니다
5589,행정소송
5590,심
5591,판결
5592,나왔지만
5593,아직
5594,모든
5595,소송
5596,정리
5597,된
5598,아니다
5599,대사
5600,증후군
5601,한마디
5602,음식
5603,섭취
5604,하면
5605,그것
5606,에너지
5607,바꿔주고
5608,남은
5609,노폐물
5610,체외
5611,배출
5612,시키는
5613,대사작용
5614,잘
5615,되지
5616,않는
5617,상태
5618,아끼고
5619,노심초사
5620,하며
5621,쓰는
5622,스피커
5623,아니다
5624,마치
5625,사람
5626,잡아먹는
5627,추악하고
5628,잔인한
5629,귀신
5630,이지만
5631,한편
5632,으로는
5633,부처
5634,가르침
5635,지키는
5636,수호
5637,신
5638,야차
5639,처럼
5640,친한
5641,동료
5642,였더라도
5643,스파이
5644,임
5645,밝혀지면
5646,가차
5647,없이
5648,죽
5649,이고
5650,수단
5651,방법
5652,가리지
5653,않은
5654,채
5655,고문
5656,서슴지
5657,않는다
5658,그렇게
5659,되면
5660,중도
5661,층
5662,표
5663,더불어
5664,민주당
5665,가지
5666,않을
5667,수도
5668,있
5669,다정
5670,사연
5671,만나
5672,개령
5673,김산
5674,난리
5675,겪고
5676,있는
5677,궁인
5678,서로
5679,잡아먹었다는
5680,말
5681,듣고서
5682,경악
5683,금치
5684,못
5685,훌륭한
5686,전시
5687,없었다는
5688,뜻
5689,아닙니다
5690,그러나
5691,정조
5692,강간
5693,당했다는
5694,말
5695,듣고
5696,강간
5697,한
5698,자를
5699,죽이려는
5700,분노
5701,폭발
5702,했으니
5703,혈기
5704,있다면
5705,누구
5706,나
5707,그러했을
5708,또한
5709,아내
5710,스스로
5711,증명
5712,했고
5713,변명
5714,말
5715,없으니
5716,강간
5717,현장
5718,체포
5719,된
5720,무엇
5721,다르겠는가라고
5722,죄인
5723,두둔
5724,하면서
5725,살인죄
5726,적용
5727,하지
5728,않았다
5729,기생충
5730,미국
5731,아카데미
5732,시상식
5733,개
5734,부문
5735,휩쓴
5736,뒤
5737,배우
5738,들뜬
5739,표정
5740,감추지
5741,못
5742,보편
5743,적
5744,복지
5745,내
5746,세운
5747,현금
5748,살포
5749,풀릴
5750,일도
5751,아니다
5752,산림경제
5753,술
5754,마신
5755,뒤
5756,냉수
5757,나
5758,냉차
5759,마시면
5760,신장
5761,냉독
5762,들어가
5763,좋지
5764,않다고
5765,족저근막염
5766,근
5767,정도
5768,치료
5769,받았지만
5770,차도
5771,없다
5772,이렇게
5773,격차
5774,크니
5775,팩트
5776,라고
5777,믿는
5778,국민
5779,많지
5780,않다하지만
5781,탄탄
5782,대로
5783,인
5784,만은
5785,아니다
5786,중국
5787,변화
5788,잘못
5789,짚은
5790,이는
5791,만이
5792,아니다하지만
5793,라이
5794,크
5795,커머스
5796,라는
5797,거대한
5798,트렌드
5799,하
5800,엿
5801,보이
5802,역
5803,기능
5804,적지
5805,않다
5806,경제
5807,떠받치는
5808,든든한
5809,허리
5810,역할
5811,하던
5812,중산층
5813,얇고
5814,굽
5815,허리
5816,전락
5817,한
5818,현상
5819,심각한
5820,사회
5821,문제
5822,라는
5823,인식
5824,매일경제
5825,실시
5826,한
5827,경제
5828,전문가
5829,인
5830,설문
5831,에서도
5832,드러났다
5833,미래
5834,혁신
5835,보다
5836,백악관
5837,기웃
5838,거리
5839,기업
5840,제품
5841,소비자
5842,지갑
5843,열
5844,리
5845,없다
5846,유전
5847,환경
5848,조합
5849,전
5850,생애
5851,걸쳐
5852,변화
5853,하는
5854,고등
5855,생명체
5856,바로
5857,인간
5858,쉽게
5859,말
5860,해
5861,국고
5862,채
5863,금리
5864,정부
5865,보증
5866,서기
5867,때문
5868,어지간해서는
5869,원리금
5870,떼일
5871,우려
5872,없다
5873,손흥민
5874,활발히
5875,움직였지만
5876,결정
5877,적
5878,인
5879,기회
5880,한
5881,번
5882,없었다
5883,이미
5884,언급
5885,했듯이
5886,아미
5887,달린은
5888,아무렇게나
5889,분해
5890,되는
5891,아니라
5892,반드시
5893,베타
5894,글루
5895,코시
5896,다
5897,제라
5898,분해효소
5899,있어야
5900,하며
5901,살구
5902,씨
5903,먹어도
5904,암세포
5905,나
5906,이상
5907,세포
5908,병든
5909,세포
5910,노화
5911,된
5912,세포
5913,없을
5914,전혀
5915,작용
5916,하지
5917,않는다
5918,대마도
5919,태종
5920,이종무
5921,시켜
5922,완전히
5923,정벌
5924,했지만
5925,복속
5926,하
5927,지는
5928,않았다
5929,도파민
5930,중독
5931,된
5932,뇌
5933,쾌감
5934,잊지
5935,못
5936,한다
5937,사실
5938,병원
5939,의사
5940,만
5941,뭐라
5942,할
5943,수도
5944,없습니다
5945,때문
5946,금나라
5947,고려
5948,극진히
5949,대우
5950,해
5951,침략
5952,하
5953,거나
5954,횡포
5955,하게
5956,굴지
5957,않았다지난
5958,칸국제영화제
5959,서
5960,부터
5961,봉
5962,감독
5963,통역
5964,맡아
5965,해온
5966,최성재
5967,샤론
5968,최씨
5969,빼놓을
5970,없다
5971,양념
5972,고유
5973,맛
5974,덮어
5975,버리는
5976,일이
5977,없다
5978,혹시
5979,우리
5980,지역
5981,감염
5982,살
5983,고
5984,있지
5985,않을까
5986,하는
5987,마음
5988,링크
5989,클릭
5990,했지만
5991,별다른
5992,정보
5993,얻을
5994,없었다
5995,환경
5996,자연스러운
5997,모델
5998,만들
5999,너무
6000,연산량
6001,많은
6002,모델
6003,아닐
6004,대
6005,주단
6006,조합
6007,시
6008,공
6009,사업
6010,단
6011,대한
6012,소송
6013,취하
6014,하지
6015,않고
6016,공
6017,사비
6018,계약
6019,무효
6020,의결
6021,취소
6022,하지
6023,않는
6024,최근
6025,불거진
6026,문제
6027,해결
6028,적극
6029,적
6030,인
6031,모습
6032,보이지
6033,않았다고
6034,봤다다만
6035,오후
6036,시
6037,관람
6038,진행
6039,하
6040,되
6041,인파
6042,몰리는
6043,공식
6044,개막
6045,행사
6046,취소
6047,하기로
6048,일년
6049,내내
6050,사용
6051,권하지만
6052,오피스
6053,하는
6054,도시
6055,생활자
6056,라면
6057,현실
6058,적
6059,부터
6060,까지는
6061,크게
6062,부담
6063,가지
6064,지
6065,않아도
6066,된다
6067,이런
6068,식이
6069,라면
6070,추경
6071,조원
6072,아닌
6073,조원
6074,써도
6075,소용
6076,없다
6077,중요한
6078,사실
6079,약
6080,고갈
6081,된
6082,체내
6083,영양소
6084,합성
6085,영
6086,양제
6087,한두
6088,가지
6089,먹는다고
6090,해결
6091,될
6092,없다는
6093,포식자
6094,캐릭터
6095,기생충
6096,박
6097,사장
6098,처음
6099,아니었다하지만
6100,세
6101,입자
6102,조건
6103,해당
6104,하는
6105,일부
6106,만
6107,이사비
6108,받고
6109,별도
6110,보상
6111,없다말을
6112,하려고
6113,하면
6114,빨리
6115,나오지
6116,않는다
6117,일부
6118,안과
6119,실손
6120,보험금
6121,노리
6122,고
6123,공공
6124,연히
6125,자행
6126,해오던
6127,과잉
6128,진료
6129,보험
6130,사기
6131,행태
6132,통
6133,하지
6134,않게
6135,됐기
6136,때문
6137,셔츠
6138,거의
6139,유행
6140,타지
6141,않는다
6142,공군
6143,제트
6144,전투기
6145,시대
6146,연
6147,주력
6148,이었던
6149,년대
6150,초
6151,졸업
6152,한
6153,공사
6154,기생
6155,생도
6156,가운데
6157,조종
6158,특기
6159,부여
6160,받았으나
6161,최종
6162,적
6163,조종사
6164,선발
6165,된
6166,인원
6167,넘지
6168,못
6169,알음
6170,알음
6171,주변
6172,통한
6173,비즈니스
6174,한계
6175,있고
6176,유사한
6177,점포
6178,차별
6179,화하는
6180,생각
6181,보다
6182,쉽지
6183,않다
6184,북미
6185,개봉
6186,비
6187,영어
6188,영화
6189,최고
6190,매출
6191,기록
6192,한
6193,대만
6194,와호장룡
6195,억만
6196,달러
6197,까지는
6198,갈
6199,길이
6200,멀지만
6201,가능성
6202,아주
6203,없는
6204,아니다오는
6205,부터
6206,실전
6207,배치
6208,위해
6209,본격
6210,양산
6211,들어가기까지
6212,번
6213,넘는
6214,지상
6215,공중
6216,테스트
6217,앞두고
6218,있는
6219,성능
6220,지구
6221,상
6222,가장
6223,강력한
6224,전투기
6225,알려진
6226,미국
6227,공군
6228,처럼
6229,일반
6230,적
6231,인
6232,제원
6233,외
6234,없다말이
6235,안
6236,나온다
6237,또
6238,어찌
6239,부인
6240,마땅히
6241,할
6242,일이
6243,아니라
6244,하여
6245,책망
6246,할
6247,인가
6248,하지만
6249,언관
6250,반발
6251,해
6252,성사
6253,되지는
6254,못
6255,일본
6256,법
6257,엄해
6258,서
6259,우리나라
6260,서적
6261,일본
6262,곳곳
6263,들어가지
6264,않은
6265,없는데
6266,반해
6267,일본
6268,책
6269,나라
6270,밖
6271,나갈
6272,수가
6273,없었다
6274,조선시대
6275,흉년
6276,기근
6277,끊이지
6278,않았다하지만
6279,금메달
6280,목표
6281,한
6282,만큼
6283,편안하게
6284,훈련
6285,할
6286,생각
6287,없다
6288,라일락
6289,이야기
6290,하면서
6291,미스김라일락
6292,빼
6293,놓을
6294,없다하지만
6295,지금
6296,상황
6297,녹록
6298,지
6299,않다
6300,일단
6301,버텨
6302,보지
6303,만
6304,체력
6305,별로
6306,남아
6307,있지
6308,않다
6309,자료
6310,많지
6311,않아
6312,일반
6313,화하기
6314,어렵다
6315,최대
6316,주
6317,먼지
6318,통
6319,비우지
6320,않아도
6321,된다하지만
6322,금융위
6323,징계
6324,확정
6325,되면
6326,손
6327,회장
6328,앞
6329,간
6330,금융
6331,회사
6332,임원
6333,신규
6334,선임
6335,되는
6336,불가능해진다하지만
6337,여론
6338,돌려세워
6339,공화당
6340,의원
6341,압박
6342,할
6343,새로운
6344,무기
6345,없었다하지만
6346,사업
6347,한
6348,적
6349,없다
6350,보니
6351,순탄
6352,하지는
6353,않았다
6354,통원
6355,치료
6356,보장
6357,금액
6358,어떤
6359,상품
6360,가입
6361,했느냐에
6362,따라
6363,다른데
6364,통상
6365,만원
6366,넘지
6367,않는다
6368,지역
6369,정가
6370,에서는
6371,송
6372,부시장
6373,울산
6374,남구
6375,갑
6376,지역구
6377,출마
6378,설
6379,끊이지
6380,않고
6381,있다
6382,온라인
6383,공세
6384,사드
6385,노
6386,재팬
6387,악재
6388,비틀
6389,거리
6390,던
6391,유통
6392,공룡
6393,코로나
6394,공습
6395,더
6396,버티기
6397,어려워진
6398,오늘
6399,타기
6400,좋다고
6401,내일
6402,좋은
6403,아니다
6404,로봇
6405,계속
6406,이동해
6407,야
6408,하는
6409,선박
6410,공정
6411,특성
6412,상
6413,울타리
6414,설치
6415,하는
6416,사실
6417,상
6418,불가능하다
6419,장애인
6420,주차
6421,구역
6422,있던
6423,차가
6424,장애인
6425,탑승
6426,없이
6427,다른
6428,곳
6429,이동
6430,할
6431,단속
6432,할
6433,없다
6434,찌
6435,감치
6436,미국
6437,라스베이거스
6438,동계
6439,훈련
6440,캠프
6441,차리고
6442,훈련
6443,돌입
6444,한
6445,시간
6446,넉
6447,넉
6448,지
6449,않다
6450,서울
6451,지하철
6452,호선
6453,영등포
6454,구청
6455,역
6456,맞닿아
6457,있어
6458,입지
6459,적
6460,으로는
6461,우수하지만
6462,용적률
6463,달해
6464,재건축
6465,사실
6466,상
6467,불가능하다
6468,정작
6469,경제
6470,쪽
6471,전향
6472,고백
6473,아직
6474,없
6475,다그
6476,마이크
6477,앞
6478,국민
6479,향
6480,해
6481,검찰
6482,개혁
6483,필요성
6484,역설
6485,했지만
6486,아쉽게도
6487,말
6488,귀
6489,기울이는
6490,국민
6491,많지
6492,않았을
6493,같다
6494,김천일
6495,병법
6496,어두워
6497,제멋대로
6498,군사
6499,썼으며
6500,진주
6501,목사
6502,서예원
6503,사이
6504,좋지
6505,않아
6506,서로
6507,헐뜯느라
6508,명령
6509,제대로
6510,전달
6511,되지
6512,않았다
6513,그러나
6514,씨앗
6515,이미
6516,수천
6517,전
6518,부터
6519,사용
6520,되어
6521,왔으며
6522,아직
6523,아미
6524,달린이
6525,들어있는
6526,살구
6527,매실
6528,자두
6529,사과
6530,복숭아
6531,씨
6532,먹고
6533,사람
6534,죽었다는
6535,기록
6536,동서
6537,고금
6538,어디
6539,에서도
6540,예
6541,찾아볼
6542,수가
6543,없다
6544,노조
6545,지난해
6546,대
6547,의원
6548,대회
6549,조합원
6550,범위
6551,과장
6552,급
6553,기장
6554,급
6555,확대
6556,했으나
6557,회사
6558,받아들일
6559,없다는
6560,입장
6561,서울
6562,광진구
6563,세종대
6564,캠퍼스
6565,열린
6566,기자간담회
6567,양준
6568,일주일
6569,전만
6570,해도
6571,조연
6572,이었던
6573,저
6574,에게
6575,이렇게
6576,많은
6577,취재
6578,진
6579,몰려
6580,왔다는
6581,자체
6582,믿기지
6583,않는다며
6584,말
6585,잇지
6586,못
6587,했다주요
6588,해외
6589,금리
6590,연
6591,계
6592,파생
6593,결합
6594,펀드
6595,사태
6596,책임
6597,관련
6598,해
6599,손태
6600,승
6601,우리금융
6602,회장
6603,함영주
6604,하나
6605,금융
6606,부회장
6607,대한
6608,문책
6609,경고
6610,확정
6611,되면서
6612,해당
6613,은행
6614,당혹
6615,감
6616,감추지
6617,못
6618,하고
6619,있다와
6620,외
6621,하루
6622,평균
6623,만
6624,달러
6625,이상
6626,수입
6627,제공
6628,하는
6629,암호
6630,화폐
6631,없었다
6632,어차피
6633,정리
6634,하지
6635,않는
6636,내
6637,물건
6638,정해진
6639,자리는
6640,없었다
6641,대형
6642,마트
6643,갔던
6644,게
6645,언제
6646,였던가
6647,기억
6648,되
6649,짚어
6650,봐도
6651,잘
6652,생각
6653,나지
6654,않는다
6655,초등학생
6656,미만
6657,입장
6658,할
6659,없다
6660,임산부
6661,환자
6662,로부터
6663,태아
6664,에게
6665,전염
6666,되는
6667,수직
6668,감염
6669,사례
6670,아직
6671,보고
6672,되지
6673,않았다
6674,가격
6675,만
6676,오른
6677,아니다
6678,스윙
6679,리듬
6680,맞지
6681,않으면
6682,공이
6683,원하는
6684,방향
6685,날아가지
6686,않기
6687,때문
6688,입니다
6689,청와대
6690,국민
6691,청원
6692,게시판
6693,엔
6694,항상
6695,억울한
6696,하소연
6697,넘치고
6698,언론
6699,소셜
6700,네트워크
6701,서비스
6702,수시로
6703,사
6704,기
6705,주의보
6706,날려도
6707,피해자
6708,좀체
6709,줄어들지
6710,않는다
6711,단기
6712,조정은
6713,있을
6714,있지만
6715,지난해
6716,이후
6717,같은
6718,하락
6719,장이
6720,나올
6721,가능성
6722,많지
6723,않습니다
6724,재학
6725,기간
6726,초등
6727,훈련
6728,용
6729,항공기
6730,탑승
6731,하여
6732,교관
6733,조종
6734,하는
6735,비행
6736,경험
6737,하지만
6738,전문
6739,적
6740,인
6741,비행
6742,훈련
6743,졸업
6744,전
6745,거의
6746,하지
6747,않는다
6748,그러나
6749,플랫폼
6750,노동
6751,대부분
6752,노동자
6753,있지만
6754,사용자
6755,없다
6756,종종
6757,라운드
6758,넥
6759,화이트
6760,면
6761,티셔츠
6762,너
6763,입는
6764,볼
6765,있는데
6766,크게
6767,추천
6768,하지
6769,않는다
6770,제품
6771,개발
6772,하면서
6773,가장
6774,힘들었던
6775,점
6776,대체
6777,의약품
6778,경우
6779,현행법
6780,상
6781,건강
6782,기능
6783,식품
6784,밖에
6785,허가
6786,나지
6787,않는다는
6788,사실이었다다만
6789,해외
6790,유사
6791,사례
6792,없다
6793,그런데도
6794,지원
6795,못
6796,받는
6797,곳간
6798,돈
6799,없
6800,어서
6801,아니다
6802,반면
6803,위기
6804,진원
6805,지인
6806,중국
6807,전략
6808,적
6809,공간
6810,갖게
6811,된
6812,아이러니
6813,아닐
6814,없다
6815,현재
6816,공식
6817,적
6818,인
6819,치료
6820,제
6821,없는
6822,맞는다
6823,노인
6824,일자리
6825,증가
6826,비판
6827,하는
6828,게
6829,지겹지도
6830,않으냐
6831,먼저
6832,해당
6833,분야
6834,가르칠
6835,역량
6836,되는
6837,교수
6838,증원
6839,해야
6840,하지만
6841,국내
6842,대학
6843,등록금
6844,동결
6845,비롯
6846,한
6847,각종
6848,규제
6849,인해
6850,교수
6851,연봉
6852,조차
6853,늘리기
6854,쉽지
6855,않은
6856,상황
6857,주로
6858,정부
6859,방위사업청
6860,상대로
6861,사업
6862,하다
6863,보니
6864,실적
6865,안정
6866,적
6867,유지
6868,할
6869,있지만
6870,폭발
6871,적
6872,인
6873,성장
6874,기대
6875,된다는
6876,평
6877,받지는
6878,못
6879,했다하지만
6880,임신부
6881,감염
6882,조산
6883,사이
6884,직접
6885,적
6886,인
6887,연관
6888,성
6889,있다는
6890,증거
6891,없다
6892,한국
6893,처음
6894,아시아
6895,최초
6896,세계
6897,영화사
6898,전기
6899,란
6900,평가
6901,쏟아지는
6902,와중
6903,에도
6904,봉
6905,감독
6906,자신
6907,키운
6908,거장
6909,대한
6910,경의
6911,표
6912,하는
6913,데
6914,정신
6915,없었다
6916,국상
6917,나서
6918,장례
6919,치를
6920,마다
6921,흥인문
6922,동대문
6923,통해
6924,드나드는데
6925,큰
6926,수레
6927,지붕
6928,걸려서
6929,나갈
6930,수가
6931,없었다
6932,그런데
6933,귀족
6934,아니었다
6935,확실히
6936,백내장
6937,진단
6938,받았어도
6939,입원
6940,치료
6941,받을
6942,만큼
6943,특별한
6944,상황
6945,이었
6946,음
6947,입증
6948,하지
6949,못
6950,하면
6951,만원
6952,이상
6953,보험금
6954,받기
6955,어려울
6956,전망
6957,국회의사당
6958,애초
6959,이승만
6960,대통령
6961,남산
6962,건립
6963,추진
6964,하며
6965,공모
6966,해
6967,당시
6968,스물
6969,아홉
6970,살인
6971,김수근
6972,설계
6973,안이
6974,당선
6975,되었으나
6976,용지
6977,여의도
6978,바뀌고
6979,인해
6980,의사당
6981,건립
6982,무산
6983,되었다
6984,그러나
6985,아이러니
6986,하게도
6987,명령
6988,지켜지지
6989,않았다
6990,스스로
6991,원칙
6992,기준
6993,어기
6994,지
6995,않는
6996,누리꾼
6997,또
6998,해내시는
6999,게
7000,대단하시네요
7001,대한민국
7002,공군
7003,분들
7004,파이팅
7005,입니다다
7006,청춘
7007,인데
7008,불구
7009,하고
7010,국방
7011,의무
7012,수행
7013,하시는
7014,분
7015,께
7016,감사합니다
7017,인투
7018,더
7019,듀티
7020,힘내요
7021,라며
7022,격려
7023,말
7024,아끼지
7025,않았다
7026,북쪽
7027,속초
7028,있고
7029,남쪽
7030,양양
7031,낙산
7032,비치
7033,있으니
7034,상대
7035,적
7036,사람
7037,크게
7038,몰리
7039,지
7040,않았던
7041,석유화학
7042,원료
7043,생산
7044,공장
7045,신설
7046,할
7047,계획
7048,인
7049,화학
7050,산업
7051,단지
7052,입주
7053,할
7054,있는
7055,업종
7056,법률상
7057,제한
7058,돼
7059,있어
7060,입주
7061,가능
7062,여부
7063,불
7064,명확한
7065,상황
7066,다발
7067,아래
7068,훤히
7069,내려다보이는
7070,허공
7071,걷는다는
7072,건
7073,상상
7074,속
7075,에서나
7076,가능한
7077,이었지만
7078,요즘
7079,꼭
7080,그렇지만도
7081,않다
7082,상점
7083,사라질
7084,이라는
7085,예언
7086,맞설
7087,있는
7088,무기
7089,혁신
7090,밖에
7091,없다
7092,무엇
7093,먹어도
7094,잡
7095,스럽지
7096,않다
7097,부모
7098,재산
7099,일부
7100,누가
7101,뭐라든
7102,나
7103,이라고
7104,큰소리쳐도
7105,할
7106,말
7107,없다
7108,그런데
7109,이렇게
7110,맛
7111,좋은
7112,우
7113,곡주
7114,제
7115,잘
7116,팔지
7117,못
7118,했어요
7119,만약
7120,상업
7121,적
7122,인
7123,의도
7124,였다면
7125,이렇게
7126,하지
7127,못
7128,했을
7129,투자가
7130,집중
7131,되고
7132,시장
7133,관심
7134,끌어
7135,모으는
7136,아이디어
7137,내면
7138,된다고
7139,하지만
7140,대부분
7141,뉴스
7142,속
7143,얘기
7144,뿐
7145,그런
7146,사례
7147,내
7148,사례
7149,라고
7150,자신
7151,있게
7152,말
7153,할
7154,있는
7155,소
7156,상공
7157,인
7158,많지
7159,않다
7160,통상
7161,연말
7162,연
7163,초가
7164,되면
7165,금융
7166,권
7167,고
7168,금리
7169,특판
7170,상품
7171,내놓
7172,기도
7173,했지만
7174,올해
7175,마저도
7176,찾기
7177,어려웠다
7178,그러나
7179,국내
7180,전체
7181,기업
7182,도입
7183,한
7184,비율
7185,못
7186,미친다이래
7187,가지고는
7188,개인
7189,퇴직
7190,후
7191,안정
7192,적
7193,인
7194,삶
7195,영위
7196,할
7197,없다
7198,힘들고
7199,고
7200,된
7201,치료
7202,여정
7203,겪어야
7204,했던
7205,많은
7206,전
7207,이성
7208,유방암
7209,환자
7210,에게는
7211,반가운
7212,소식
7213,아닐
7214,없다
7215,준우승
7216,없다
7217,기존
7218,일반
7219,심사
7220,통합
7221,심사
7222,전환
7223,하는
7224,불가능했다하지만
7225,당시
7226,공연
7227,누구
7228,예
7229,상치
7230,못
7231,한
7232,코로나
7233,팬데믹
7234,인해
7235,완벽한
7236,안녕
7237,고하
7238,지
7239,못
7240,했었던
7241,바이
7242,다
7243,울산
7244,바위
7245,정상
7246,이라는
7247,게
7248,보통
7249,산
7250,정상
7251,석
7252,있는
7253,그야말로
7254,산
7255,꼭짓점
7256,뜻
7257,하는
7258,아니다
7259,현행법
7260,상
7261,미성년
7262,숙박업소
7263,이성
7264,혼숙
7265,할
7266,없다이거
7267,아무
7268,국가
7269,나
7270,할
7271,있는
7272,거
7273,아닙니다사
7274,정이
7275,이렇다
7276,보니
7277,최근
7278,간
7279,퇴직
7280,연금
7281,수익률
7282,연
7283,넘어선
7284,적
7285,거의
7286,없습니다
7287,경제
7288,적
7289,약자
7290,인
7291,세
7292,입자
7293,배려
7294,필요하지만
7295,입법
7296,적
7297,받아들여지지
7298,않고
7299,있다
7300,독과점
7301,이유
7302,합병
7303,불허
7304,하면
7305,소비자
7306,편익
7307,커지고
7308,성장
7309,가능성
7310,높은
7311,서비스
7312,혁신
7313,정부
7314,막았다는
7315,비판
7316,피
7317,하기
7318,어렵다
7319,마이너
7320,리그
7321,강등
7322,거부권
7323,계약
7324,넣어
7325,빅리그
7326,입성
7327,유력한
7328,김광현
7329,아직
7330,보직
7331,확정
7332,하지
7333,않았다하지만
7334,양승태
7335,대법원
7336,박근혜
7337,정권
7338,결탁
7339,한
7340,사법
7341,농단
7342,세력
7343,이라고
7344,앞장서
7345,비판
7346,했던
7347,판사
7348,경쟁
7349,하
7350,듯
7351,정치권
7352,력
7353,옮겨
7354,탄
7355,사법
7356,개혁
7357,쌓은
7358,자신
7359,명성
7360,정계
7361,진출
7362,이용
7363,한
7364,이라는
7365,지적
7366,피
7367,하기
7368,어렵다
7369,봉은사
7370,기
7371,대감
7372,품던
7373,반면
7374,한전
7375,현
7376,대
7377,자동차
7378,그룹
7379,아닌
7380,행정소송
7381,난처함을
7382,감추지
7383,못
7384,그림
7385,절대로
7386,허
7387,술
7388,하
7389,게
7390,보존
7391,해서는
7392,안
7393,될
7394,수익
7395,추구
7396,하는
7397,기업
7398,속
7399,성상
7400,어쩔
7401,없다는
7402,세계
7403,화
7404,아니었다면
7405,빈곤
7406,벗어나지
7407,못
7408,했을
7409,국가
7410,적지
7411,않다이
7412,때문
7413,거리
7414,낌
7415,없이
7416,날뛰었으나
7417,관
7418,금
7419,할
7420,수가
7421,없었다
7422,문재인
7423,대통령
7424,지난
7425,고용노동부
7426,업무
7427,보고
7428,받으면서
7429,고용
7430,연장
7431,대해
7432,검토
7433,시작
7434,할
7435,라고
7436,한
7437,발언
7438,작년
7439,이후
7440,잠들어
7441,있던
7442,정년
7443,연장
7444,논란
7445,불
7446,붙이
7447,고
7448,사그라들지
7449,않고
7450,있다
7451,유명
7452,스포츠
7453,대회
7454,리그
7455,오브
7456,레전드
7457,챔피언스
7458,코리아
7459,경우
7460,기존
7461,무관
7462,진행
7463,이어
7464,라운드
7465,종료
7466,이후
7467,대회
7468,개최
7469,잠정
7470,중단
7471,하기로
7472,개인
7473,적
7474,놀랍지
7475,않았습니다
7476,둘째
7477,인플레이션
7478,식
7479,자재
7480,가격
7481,급등
7482,하는
7483,가운데
7484,가격
7485,인상
7486,쉽지
7487,않다
7488,앞서
7489,국내
7490,최대
7491,반도체
7492,전시회
7493,인
7494,세미
7495,콘
7496,코리아
7497,취소
7498,됐고
7499,다음주
7500,예정
7501,됐던
7502,한국
7503,반도체
7504,산업
7505,협회
7506,정기
7507,총
7508,회도
7509,취소
7510,됐다
7511,인건비
7512,걱정
7513,안
7514,할
7515,수가
7516,없다
7517,작년
7518,하반기
7519,국론
7520,분열
7521,단
7522,초
7523,제공
7524,했던
7525,조국
7526,사태
7527,나
7528,현재
7529,진행형
7530,인
7531,코로나
7532,사태
7533,정부
7534,여당
7535,결코
7536,유리한
7537,소재
7538,아닐
7539,결국
7540,국내
7541,은행
7542,상대
7543,적
7544,손쉬운
7545,이자
7546,장사
7547,에만
7548,다시
7549,몰두할
7550,이고
7551,외국인
7552,투자자
7553,한국
7554,금융
7555,사를
7556,더
7557,이상
7558,쳐다보지
7559,않을
7560,경상우수사
7561,원균
7562,많은
7563,배
7564,거
7565,느리고
7566,있었지만
7567,멀리
7568,서
7569,왜군
7570,부산
7571,상륙
7572,하는
7573,쳐다볼
7574,뿐
7575,아무
7576,일도
7577,하지
7578,못
7579,딸
7580,왜적
7581,에게
7582,욕
7583,당할까봐
7584,아버지
7585,에게서
7586,패
7587,도를
7588,받은
7589,이후
7590,한
7591,번
7592,머리
7593,빗지
7594,않고
7595,얼굴
7596,씻지
7597,않았다
7598,그러나
7599,영화
7600,본
7601,관객
7602,그런
7603,복잡한
7604,주제
7605,생각
7606,할
7607,필요
7608,없다
7609,대서양
7610,섬나라
7611,있는
7612,회사
7613,지구
7614,반대편
7615,코로나바이러스
7616,일으킨
7617,충격파
7618,벗어날
7619,없었다
7620,지금껏
7621,해온
7622,같은
7623,기계
7624,적
7625,이고
7626,단
7627,선적
7628,인
7629,사고
7630,로는
7631,어림없는
7632,일이
7633,다오
7634,십견
7635,회전
7636,근
7637,개
7638,파열
7639,치료
7640,받고
7641,있지만
7642,차도
7643,없다틱
7644,불리는
7645,진드기
7646,물렸을
7647,내
7648,병원
7649,치료
7650,받으면
7651,별걱정
7652,없다
7653,재학
7654,학교
7655,알
7656,있는
7657,학적
7658,사항
7659,이나
7660,수상
7661,경력
7662,수여
7663,기관
7664,봉사활동
7665,실적
7666,장소
7667,또는
7668,주관
7669,기관
7670,명도
7671,작성
7672,해서는
7673,안
7674,된다
7675,흔히
7676,임금
7677,후궁
7678,측근
7679,권력
7680,남용
7681,하는
7682,사례
7683,무수
7684,히
7685,발생
7686,했지만
7687,인조
7688,이를
7689,허용
7690,하지
7691,않았다
7692,약
7693,못
7694,먹는다고
7695,병
7696,방치
7697,해도
7698,안
7699,되지만
7700,약
7701,장기
7702,적
7703,복용
7704,해도
7705,안된
7706,다그
7707,모습
7708,감쪽
7709,같아
7710,장수
7711,죽은
7712,줄
7713,알
7714,지
7715,못
7716,아이온
7717,블레이드
7718,소울
7719,라인업
7720,대기
7721,중이
7722,지만
7723,출시
7724,일정
7725,불확실하다
7726,물론
7727,영화
7728,본
7729,관객
7730,무조건
7731,우
7732,감독
7733,생각
7734,따를
7735,없다
7736,물론
7737,계약
7738,해석
7739,이라는
7740,게
7741,어느
7742,경우
7743,에나
7744,당사자
7745,서면
7746,사용
7747,한
7748,문구
7749,만을
7750,그대로
7751,따라야
7752,하는
7753,아니다
7754,더
7755,나아가
7756,영국
7757,부터
7758,모든
7759,경유
7760,휘발유
7761,하이브리드
7762,차
7763,국내
7764,판매
7765,금지
7766,하기로
7767,했다이
7768,때문
7769,우리나라
7770,푸드
7771,테크
7772,활용
7773,한
7774,식량
7775,안보
7776,강화
7777,적극
7778,나서야
7779,하지만
7780,정부
7781,인식
7782,아직
7783,미치지
7784,못
7785,하고
7786,있
7787,다그
7788,글자
7789,한
7790,모르는
7791,자도
7792,많았고
7793,거의
7794,대부분
7795,활
7796,당
7797,기지
7798,못
7799,좋은
7800,식품
7801,개발
7802,하고도
7803,생산
7804,하지
7805,못
7806,해
7807,상품화
7808,실패하는
7809,사례
7810,적지
7811,않기
7812,때문
7813,다만
7814,먼
7815,옛날
7816,베풀도록
7817,권장
7818,했을
7819,뿐
7820,이상
7821,강제
7822,하
7823,지는
7824,않았다
7825,담배
7826,중국
7827,들어온
7828,지
7829,얼마
7830,되지도
7831,않았지만
7832,널리
7833,퍼졌으니
7834,참
7835,알
7836,없는
7837,일이
7838,다
7839,그런
7840,집
7841,도둑
7842,뻔했다전시에서
7843,탁
7844,영은
7845,두
7846,형
7847,책문
7848,만
7849,대신
7850,지어주고
7851,자기
7852,짓지
7853,않았다
7854,영국
7855,거장
7856,켄
7857,로치
7858,감독
7859,언제나
7860,노동자
7861,편
7862,시스템
7863,문제
7864,지적
7865,하는
7866,영화
7867,만
7868,들어왔고
7869,세
7870,백발
7871,할아버지
7872,된
7873,지금
7874,예의
7875,날카로운
7876,시선
7877,조금
7878,낡지
7879,않았
7880,다감
7881,이나
7882,배
7883,게
7884,함께
7885,먹지
7886,말아야
7887,한다
7888,새로운
7889,걸
7890,보여줘야
7891,한다는
7892,말
7893,아니다
7894,좋은
7895,툴
7896,많지만
7897,모델링
7898,시
7899,이를
7900,고려
7901,해
7902,제작
7903,한
7904,만큼
7905,효과
7906,좋지는
7907,않다고
7908,한다
7909,물론
7910,높은
7911,등급
7912,장비
7913,얻고
7914,시작
7915,하려는
7916,사람
7917,없는
7918,아니다
7919,큰
7920,나무
7921,그늘
7922,근심
7923,없이
7924,거닐고
7925,아래
7926,편안하게
7927,누우
7928,면
7929,되지
7930,않는가말이
7931,휴가
7932,이지
7933,이미
7934,시즌
7935,시작
7936,한
7937,선수
7938,에게는
7939,편안히
7940,쉴
7941,마음
7942,여유
7943,없다
7944,앞서
7945,금감원
7946,손
7947,회장
7948,함
7949,부회장
7950,대한
7951,징계
7952,놓고
7953,이미
7954,두
7955,차례
7956,제
7957,재심
7958,열었으나
7959,결정
7960,내
7961,리지
7962,못
7963,감정
7964,원
7965,심지어
7966,표본
7967,공개
7968,하지
7969,않는다
7970,이런
7971,과제
7972,새로운
7973,아니다
7974,앞서
7975,지난
7976,여름
7977,제주시
7978,애월읍
7979,하
7980,귀리
7981,가문
7982,동
7983,해안
7984,길이
7985,달
7986,하는
7987,브라이드고래
7988,사체
7989,발견
7990,됐으나
7991,부패
7992,정도
7993,심해
7994,자세한
7995,연구
7996,이뤄지지
7997,못
7998,했다하지만
7999,국제
8000,수학
8001,과학
8002,올림피아드
8003,입상
8004,혜택
8005,은커녕
8006,이를
8007,대학
8008,입시
8009,자기소
8010,개서에도
8011,쓸
8012,없다
8013,규모
8014,경제
8015,매출
8016,늘릴
8017,있는
8018,아니고
8019,경쟁력
8020,있는
8021,재화
8022,용역
8023,어필
8024,될
8025,만큼
8026,마케팅
8027,하기도
8028,어렵다
8029,그러면
8030,왜
8031,정통
8032,의학
8033,에서는
8034,레이어
8035,트릴
8036,항암제
8037,인정
8038,하지
8039,않으려는
8040,일까
8041,차
8042,산업
8043,기술
8044,접목
8045,한
8046,고소
8047,첨단
8048,화
8049,추세
8050,마냥
8051,반가운
8052,현상
8053,아니다내가
8054,종일
8055,토록
8056,애걸
8057,하였으나
8058,도무지
8059,들어주지
8060,않고
8061,기어
8062,코
8063,며칠
8064,안
8065,마련
8066,해
8067,바치
8068,라고
8069,하였으므로
8070,나
8071,몹시
8072,분함을
8073,견딜
8074,없었다이
8075,들에게
8076,반
8077,대
8078,세력
8079,철저히
8080,궤멸해
8081,야
8082,할
8083,적일
8084,뿐
8085,타협
8086,없다
8087,괴산읍
8088,사무소
8089,노인
8090,소문
8091,했으나
8092,신원
8093,알아내지
8094,못
8095,각종
8096,해킹
8097,신분증
8098,위
8099,변조
8100,인한
8101,사건
8102,사고
8103,가능성
8104,배제
8105,할
8106,없다
